Transaction ID;Total Spent
TXN_1961373;4.0
TXN_4271903;4.0
TXN_3160411;4.0
TXN_2602893;20.0
TXN_3051279;8.0
TXN_2847255;15.0
TXN_3567645;16.0
TXN_5132361;12.0
TXN_5183041;8.0
TXN_5695074;12.0
TXN_8467949;20.0
TXN_7640952;12.0
TXN_1736287;10.0
TXN_8927252;2.0
TXN_8853997;8.0
TXN_9130559;5.0
TXN_1080432;10.0
TXN_8078640;12.0
TXN_8914892;25.0
TXN_3363746;12.0
TXN_8614868;20.0
TXN_5522862;0.0
TXN_2080895;0.0
TXN_9230615;14.0
TXN_3068204;1.0
TXN_8471743;15.0
TXN_4726376;6.0
TXN_1900620;8.0
TXN_3748616;4.0
TXN_5107946;10.0
TXN_8718498;15.0
TXN_9487821;5.0
TXN_8976658;3.0
TXN_2725602;17.0
TXN_3011323;6.0
TXN_3085509;8.0
TXN_3808639;6.0
TXN_3775339;3.0
TXN_9547091;6.0
TXN_4358673;5.0
TXN_4174591;6.0
TXN_6171384;8.0
TXN_3314971;9.0
TXN_3092382;10.0
TXN_2148617;0.0
TXN_4368416;10.0
TXN_6258471;10.0
TXN_9646452;15.0
TXN_9096052;16.0
TXN_5916991;6.0
TXN_2181545;12.0
TXN_8700451;7.5
TXN_4885518;15.0
TXN_4878378;1.5
TXN_2484241;0.0
TXN_7943008;2.0
TXN_7623634;6.0
TXN_4031509;0.0
TXN_4283157;25.0
TXN_8013032;4.0
TXN_7965998;0.0
TXN_9249507;4.0
TXN_9836934;3.0
TXN_6463132;5.0
TXN_3925836;3.0
TXN_5075974;0.0
TXN_3978874;20.0
TXN_8007337;6.0
TXN_3831848;4.0
TXN_6629480;19.0
TXN_5115080;15.0
TXN_6311602;9.0
TXN_2950680;4.0
TXN_6749847;6.0
TXN_8964522;9.0
TXN_3779366;1.0
TXN_3171373;12.0
TXN_4129248;8.0
TXN_6717827;15.0
TXN_9089898;0.0
TXN_3499124;16.0
TXN_9879996;8.0
TXN_4291940;9.0
TXN_7433461;2.0
TXN_4068262;10.0
TXN_5047447;5.0
TXN_6623508;5.0
TXN_7031118;5.0
TXN_2230167;12.0
TXN_1721827;12.0
TXN_6334895;4.0
TXN_7077119;4.0
TXN_5526852;20.0
TXN_3786188;4.5
TXN_9642066;12.0
TXN_9238066;7.5
TXN_5415901;6.0
TXN_6714420;6.0
TXN_6616971;6.0
TXN_8472308;2.0
TXN_1967565;20.0
TXN_5003018;4.0
TXN_7852990;20.0
TXN_2059647;1.5
TXN_7374846;4.0
TXN_9401522;16.0
TXN_8250651;16.0
TXN_8982764;15.0
TXN_1153869;20.0
TXN_2130245;20.0
TXN_9913877;4.0
TXN_2084377;4.0
TXN_1842675;4.0
TXN_3495950;0.0
TXN_7557340;7.5
TXN_1157817;4.0
TXN_2020318;4.5
TXN_5307411;9.0
TXN_9703120;6.0
TXN_1333682;4.0
TXN_4912930;12.0
TXN_3723007;4.5
TXN_6878866;12.0
TXN_1260335;4.0
TXN_5754317;0.0
TXN_7559388;20.0
TXN_6795640;8.0
TXN_8955259;8.0
TXN_1259671;0.0
TXN_8319993;3.0
TXN_8894157;16.0
TXN_5523450;25.0
TXN_7838964;12.0
TXN_1158829;0.0
TXN_1524626;8.0
TXN_7275407;6.0
TXN_2889622;12.0
TXN_6849113;0.0
TXN_2265316;0.0
TXN_7140471;3.0
TXN_3119542;4.0
TXN_7773968;20.0
TXN_5215451;20.0
TXN_2100697;6.0
TXN_5726998;9.0
TXN_4134594;12.0
TXN_8276635;16.0
TXN_1380601;6.0
TXN_2052395;12.0
TXN_8256593;10.0
TXN_9271457;9.0
TXN_6319728;3.0
TXN_9263299;2.0
TXN_2301505;15.0
TXN_1436343;1.0
TXN_2214698;20.0
TXN_2633602;6.0
TXN_3515730;1.0
TXN_2598728;6.0
TXN_8611035;20.0
TXN_3595735;6.0
TXN_4884822;1.0
TXN_6169633;20.0
TXN_3884811;8.0
TXN_4518102;7.5
TXN_7809183;4.0
TXN_2726848;15.0
TXN_3666858;12.0
TXN_5499915;2.0
TXN_4660753;0.0
TXN_1564754;15.0
TXN_1002457;5.0
TXN_4732351;4.0
TXN_8049191;9.0
TXN_3022839;10.0
TXN_7701070;10.0
TXN_8048037;8.0
TXN_4619029;12.0
TXN_6769465;15.0
TXN_3871837;1.0
TXN_4980282;3.0
TXN_4355728;12.0
TXN_1325631;0.0
TXN_8209125;3.0
TXN_3730415;12.0
TXN_7558641;2.0
TXN_8805984;6.0
TXN_1972584;20.0
TXN_2980008;9.0
TXN_7292548;4.0
TXN_6368719;12.0
TXN_8852585;16.0
TXN_9201010;5.0
TXN_7817014;1.0
TXN_3088796;16.0
TXN_3607652;20.0
TXN_8502094;15.0
TXN_9068244;20.0
TXN_9292230;6.0
TXN_1664665;10.0
TXN_7314409;20.0
TXN_5645919;0.0
TXN_8006668;6.0
TXN_8818168;0.0
TXN_4769307;7.5
TXN_8199829;6.0
TXN_7864939;12.0
TXN_3740963;10.0
TXN_6063966;6.0
TXN_3779640;1.5
TXN_7752124;12.0
TXN_4183823;16.0
TXN_2947822;12.0
TXN_2148838;8.0
TXN_1330506;3.0
TXN_8957369;20.0
TXN_9340653;4.0
TXN_7098730;6.0
TXN_7533411;0.0
TXN_3791639;12.0
TXN_2968827;25.0
TXN_4546375;5.0
TXN_3917193;15.0
TXN_2062854;16.0
TXN_5624860;4.5
TXN_1725926;15.0
TXN_4186681;0.0
TXN_1183995;25.0
TXN_5813015;5.0
TXN_3789752;0.0
TXN_7578769;20.0
TXN_6209258;3.0
TXN_8594004;4.0
TXN_6422433;20.0
TXN_4669664;1.0
TXN_4498526;12.0
TXN_2744907;10.0
TXN_7596587;4.5
TXN_7380277;16.0
TXN_7609853;0.0
TXN_9266394;5.0
TXN_5448157;3.0
TXN_8298311;3.0
TXN_5739806;12.0
TXN_9228978;10.0
TXN_1556652;15.0
TXN_8608765;20.0
TXN_1124753;20.0
TXN_2106959;20.0
TXN_2265984;5.0
TXN_9564123;12.0
TXN_3946544;15.0
TXN_9212503;10.0
TXN_1259824;0.0
TXN_6868049;15.0
TXN_2806243;20.0
TXN_7560807;10.0
TXN_3286932;1.0
TXN_3481470;20.0
TXN_9907327;0.0
TXN_3469469;1.0
TXN_2681833;3.0
TXN_3179966;3.0
TXN_9289174;0.0
TXN_3629351;3.0
TXN_4998786;15.0
TXN_6904590;8.0
TXN_8958593;15.0
TXN_2383598;8.0
TXN_2211685;4.0
TXN_1503602;7.5
TXN_4266787;0.0
TXN_5933480;12.0
TXN_8964812;0.0
TXN_5447508;12.0
TXN_5686113;20.0
TXN_3397609;8.0
TXN_2132186;5.0
TXN_6905718;25.0
TXN_9356512;0.0
TXN_7993951;3.0
TXN_8536115;3.0
TXN_2915281;1.0
TXN_3468006;12.0
TXN_7604541;12.0
TXN_7806146;0.0
TXN_9238689;3.0
TXN_2601689;20.0
TXN_6830557;6.0
TXN_4663299;16.0
TXN_8661288;10.0
TXN_5637677;6.0
TXN_6046604;5.0
TXN_6111710;15.0
TXN_1773873;25.0
TXN_4570711;16.0
TXN_5242469;8.0
TXN_8938144;4.0
TXN_6434414;2.0
TXN_1655100;12.0
TXN_1526864;12.0
TXN_1279428;5.0
TXN_1706201;6.0
TXN_2498488;8.0
TXN_5387067;15.0
TXN_4431179;12.0
TXN_2108894;16.0
TXN_6347472;1.5
TXN_3477767;0.0
TXN_8345723;4.0
TXN_9989415;0.0
TXN_4476634;3.0
TXN_5213542;0.0
TXN_6581437;10.0
TXN_6128621;15.0
TXN_5758199;9.0
TXN_4512118;4.0
TXN_5763254;0.0
TXN_1090854;0.0
TXN_2004851;25.0
TXN_1869814;1.5
TXN_8296518;8.0
TXN_6910915;6.0
TXN_3183527;6.0
TXN_6916047;4.0
TXN_5787508;0.0
TXN_2611960;12.0
TXN_7923140;4.0
TXN_5229169;6.0
TXN_1018880;20.0
TXN_4074732;0.0
TXN_5576265;16.0
TXN_7608816;9.0
TXN_2269396;6.0
TXN_9263967;3.0
TXN_6540946;12.0
TXN_6571898;9.0
TXN_7109358;0.0
TXN_2108486;12.0
TXN_4637016;15.0
TXN_7786214;0.0
TXN_3605929;8.0
TXN_5315441;20.0
TXN_9196322;4.0
TXN_4009547;12.0
TXN_3394710;0.0
TXN_8354174;6.0
TXN_5931292;8.0
TXN_8776606;24.0
TXN_2393500;0.0
TXN_7838465;12.0
TXN_2447261;3.0
TXN_6609947;9.0
TXN_9036453;4.0
TXN_2611990;0.0
TXN_1713128;12.0
TXN_2840323;6.0
TXN_6932070;6.0
TXN_7940202;0.0
TXN_4640977;3.0
TXN_8563346;6.0
TXN_3172751;15.0
TXN_7896721;9.0
TXN_1559313;8.0
TXN_7906197;20.0
TXN_9018535;0.0
TXN_6376175;0.0
TXN_7982985;1.0
TXN_2855581;8.0
TXN_7585348;9.0
TXN_4005014;4.0
TXN_3461209;12.0
TXN_1026827;4.0
TXN_4479052;0.0
TXN_5134545;7.5
TXN_7997144;12.0
TXN_3363831;9.0
TXN_6208034;3.0
TXN_8187656;6.0
TXN_6463415;6.0
TXN_6439579;7.5
TXN_4634772;9.0
TXN_4109764;9.0
TXN_1343750;2.0
TXN_6387964;7.5
TXN_2743397;6.0
TXN_9392028;0.0
TXN_3463928;6.0
TXN_8503406;8.0
TXN_1964555;8.0
TXN_9402247;0.0
TXN_2416816;20.0
TXN_8005682;4.0
TXN_1778707;25.0
TXN_9959813;16.0
TXN_3110343;0.0
TXN_7913451;20.0
TXN_8717428;15.0
TXN_9561832;12.0
TXN_3746260;20.0
TXN_4594922;10.0
TXN_5163686;25.0
TXN_5445318;1.0
TXN_2826603;10.0
TXN_3489940;3.0
TXN_2526667;9.0
TXN_3760598;9.0
TXN_7679707;1.5
TXN_3831364;1.5
TXN_5038513;0.0
TXN_5007619;15.0
TXN_5124870;1.5
TXN_3173923;2.0
TXN_7078232;15.0
TXN_3135132;16.0
TXN_7337979;1.0
TXN_5325729;9.0
TXN_5630457;4.0
TXN_2190793;4.0
TXN_3663712;6.0
TXN_9140598;3.0
TXN_4316299;3.0
TXN_5601300;4.0
TXN_3696194;10.0
TXN_2964638;12.0
TXN_2024121;15.0
TXN_6287890;7.5
TXN_4712887;7.5
TXN_5447694;4.0
TXN_5350401;9.0
TXN_1866028;7.5
TXN_9152264;3.0
TXN_3794585;4.0
TXN_4874685;0.0
TXN_6269119;6.0
TXN_6024625;10.0
TXN_9911345;0.0
TXN_1116119;16.0
TXN_3471223;1.0
TXN_4491072;16.0
TXN_1646009;20.0
TXN_1104849;16.0
TXN_7764154;10.0
TXN_2178735;9.0
TXN_5014959;2.0
TXN_8811565;15.0
TXN_9868382;4.0
TXN_5348445;25.0
TXN_7215985;6.0
TXN_7448296;1.0
TXN_1494608;4.5
TXN_7225428;0.0
TXN_3426892;20.0
TXN_5892508;4.0
TXN_5546684;2.0
TXN_6846047;0.0
TXN_6402128;16.0
TXN_5009706;8.0
TXN_1991104;0.0
TXN_3380698;6.0
TXN_9084554;16.0
TXN_2078577;6.0
TXN_4007285;20.0
TXN_6077816;9.0
TXN_8623443;15.0
TXN_5654490;6.0
TXN_9218683;6.0
TXN_2153529;1.0
TXN_7880148;9.0
TXN_4187420;9.0
TXN_9553579;6.0
TXN_5614488;7.0
TXN_6868182;20.0
TXN_6035534;20.0
TXN_8781128;20.0
TXN_2881199;0.0
TXN_3616362;20.0
TXN_6007079;2.0
TXN_4907812;1.0
TXN_6450138;3.0
TXN_6732989;10.0
TXN_2155368;2.0
TXN_5236892;3.0
TXN_1324930;20.0
TXN_7085875;9.0
TXN_3857768;4.0
TXN_5474440;6.0
TXN_6057379;25.0
TXN_4637070;4.5
TXN_9313535;1.0
TXN_8161873;1.5
TXN_5509088;12.0
TXN_1438257;20.0
TXN_8780340;15.0
TXN_3963927;16.0
TXN_5419862;15.0
TXN_7853635;15.0
TXN_3516263;6.0
TXN_3008336;20.0
TXN_1697018;12.0
TXN_3152531;6.0
TXN_5033045;15.0
TXN_9159212;12.0
TXN_3282436;25.0
TXN_8465274;9.0
TXN_1286779;0.0
TXN_8330446;12.0
TXN_1282260;20.0
TXN_7482583;7.5
TXN_8135614;0.0
TXN_1437083;8.0
TXN_2413626;3.0
TXN_7027905;4.0
TXN_1663113;16.0
TXN_3803732;0.0
TXN_2726700;0.0
TXN_1730647;15.0
TXN_9691018;8.0
TXN_5480564;0.0
TXN_4090904;0.0
TXN_9138791;3.0
TXN_2473090;0.0
TXN_8703212;4.0
TXN_4496665;8.0
TXN_5041555;6.0
TXN_8209794;10.0
TXN_3942164;8.0
TXN_9296807;6.0
TXN_5354746;8.0
TXN_1235969;1.0
TXN_3736798;8.0
TXN_9102030;16.0
TXN_3089814;15.0
TXN_6530795;3.0
TXN_7230500;9.0
TXN_2400518;9.0
TXN_5349288;8.0
TXN_6191123;2.0
TXN_5386752;20.0
TXN_9906002;0.0
TXN_6202015;2.0
TXN_6928137;9.0
TXN_5913013;2.0
TXN_3121271;8.0
TXN_4617771;16.0
TXN_1741325;3.0
TXN_9370294;6.0
TXN_9983356;8.0
TXN_8964527;16.0
TXN_9408993;4.0
TXN_1961595;20.0
TXN_4179561;2.0
TXN_9056301;2.0
TXN_8530924;8.0
TXN_2114258;1.0
TXN_5965422;4.0
TXN_6910030;8.0
TXN_3755379;0.0
TXN_6565955;6.0
TXN_1789644;8.0
TXN_9991225;15.0
TXN_3572190;10.0
TXN_6791398;2.0
TXN_1096690;20.0
TXN_5080213;2.0
TXN_5858988;0.0
TXN_6078834;4.0
TXN_7812601;3.0
TXN_8186625;1.0
TXN_2946829;2.0
TXN_8750849;6.0
TXN_1973716;20.0
TXN_6206171;3.0
TXN_4988665;3.0
TXN_5019407;12.0
TXN_3223187;4.0
TXN_8300706;10.0
TXN_9143440;8.0
TXN_6411716;12.0
TXN_7759607;4.0
TXN_8441057;12.0
TXN_1154979;6.0
TXN_4832513;5.0
TXN_5379385;10.0
TXN_6782228;8.0
TXN_1180969;2.0
TXN_6492919;9.0
TXN_4356223;15.0
TXN_7216161;6.0
TXN_2426782;0.0
TXN_3484520;9.0
TXN_6717061;15.0
TXN_3060152;15.0
TXN_4651514;3.0
TXN_6555617;10.0
TXN_6899834;9.0
TXN_7538570;16.0
TXN_8789116;25.0
TXN_8930109;8.0
TXN_9799798;10.0
TXN_5755839;12.0
TXN_4255503;6.0
TXN_1602799;12.0
TXN_3336502;12.0
TXN_9579181;4.0
TXN_7391267;0.0
TXN_1388606;9.0
TXN_9526867;2.0
TXN_5901180;3.0
TXN_4932018;16.0
TXN_5792655;3.0
TXN_5566652;15.0
TXN_7782538;6.0
TXN_7478389;5.0
TXN_6108428;9.0
TXN_3615483;8.0
TXN_6404763;20.0
TXN_5290522;4.0
TXN_4915908;20.0
TXN_4798534;25.0
TXN_9121852;1.0
TXN_2195630;0.0
TXN_2539318;16.0
TXN_5735731;0.0
TXN_2424930;7.5
TXN_5856820;3.0
TXN_3753993;20.0
TXN_9354616;6.0
TXN_5775113;5.0
TXN_5268203;3.0
TXN_7406393;7.5
TXN_5226635;4.0
TXN_4369292;3.0
TXN_3912727;7.5
TXN_1951569;10.0
TXN_6983139;10.0
TXN_5977414;6.0
TXN_8517379;12.0
TXN_9074075;15.0
TXN_8842223;0.0
TXN_8550184;9.0
TXN_3071617;4.0
TXN_3712466;13.0
TXN_3670298;4.0
TXN_6962242;3.0
TXN_5780931;6.0
TXN_6177865;15.0
TXN_8115752;8.0
TXN_3116227;3.0
TXN_8808162;16.0
TXN_4548466;6.0
TXN_9835676;2.0
TXN_9728454;12.0
TXN_8685846;7.5
TXN_5537740;0.0
TXN_9433769;1.0
TXN_5944206;5.0
TXN_9212178;3.0
TXN_9201212;16.0
TXN_7055260;16.0
TXN_4773465;10.0
TXN_1757340;6.0
TXN_9975321;10.0
TXN_8366002;8.0
TXN_4928254;3.0
TXN_1082421;5.0
TXN_1494502;25.0
TXN_9277146;15.0
TXN_1417724;8.0
TXN_6451377;25.0
TXN_2142961;10.0
TXN_8588335;20.0
TXN_6738350;6.0
TXN_5575561;6.0
TXN_1007347;20.0
TXN_6731518;1.0
TXN_7794561;12.0
TXN_7688625;2.0
TXN_8831924;6.0
TXN_4125921;15.0
TXN_8149585;3.0
TXN_9047278;6.0
TXN_4516901;3.0
TXN_4643515;4.0
TXN_8356338;25.0
TXN_4413506;12.0
TXN_1057209;5.0
TXN_2494194;25.0
TXN_4549825;10.0
TXN_1854102;4.0
TXN_3109692;12.0
TXN_8837375;8.0
TXN_7950226;1.5
TXN_7644786;3.0
TXN_3165950;2.0
TXN_9425645;9.0
TXN_4692976;3.0
TXN_6747376;12.0
TXN_3717372;6.0
TXN_6727985;25.0
TXN_9899571;10.0
TXN_5692316;4.0
TXN_2062269;12.0
TXN_9969283;12.0
TXN_8313892;15.0
TXN_1856112;15.0
TXN_3604156;0.0
TXN_4430176;0.0
TXN_6073195;12.0
TXN_4178872;1.5
TXN_4291132;6.0
TXN_2878078;6.0
TXN_7134579;5.0
TXN_6921057;16.0
TXN_1062822;0.0
TXN_6386662;25.0
TXN_3326110;4.0
TXN_2091128;3.0
TXN_9169782;15.0
TXN_4134478;6.0
TXN_6298532;16.0
TXN_9522899;20.0
TXN_7296498;25.0
TXN_6708156;7.5
TXN_1865735;8.0
TXN_5396450;9.0
TXN_5881757;12.0
TXN_3404479;16.0
TXN_5342589;3.0
TXN_1987212;20.0
TXN_1075183;3.0
TXN_2346001;10.0
TXN_2814866;4.0
TXN_8454044;10.0
TXN_8321092;6.0
TXN_7350571;4.0
TXN_2493262;2.0
TXN_3257591;4.0
TXN_6038791;6.0
TXN_1335337;4.5
TXN_6258276;20.0
TXN_7730388;5.0
TXN_3147198;8.0
TXN_6363897;25.0
TXN_1893222;20.0
TXN_9262803;15.0
TXN_3450160;12.0
TXN_6745832;4.0
TXN_7560989;12.0
TXN_8182245;20.0
TXN_3970335;15.0
TXN_7100596;20.0
TXN_1481116;3.0
TXN_3648327;3.0
TXN_6188394;15.0
TXN_5700545;10.0
TXN_8018479;1.5
TXN_9465300;3.0
TXN_3046108;7.5
TXN_4454198;1.5
TXN_5855756;4.0
TXN_5182399;6.0
TXN_6758675;3.0
TXN_1962275;0.0
TXN_9530003;5.0
TXN_2347596;12.0
TXN_9867948;8.0
TXN_7681072;1.0
TXN_4486700;6.0
TXN_5085328;8.0
TXN_6023823;2.0
TXN_6191769;5.0
TXN_7864080;7.5
TXN_6066883;6.0
TXN_6034785;6.0
TXN_2463115;25.0
TXN_2540440;3.0
TXN_2006923;25.0
TXN_6987950;12.0
TXN_5591967;4.0
TXN_5861158;12.0
TXN_7501002;2.0
TXN_2848654;20.0
TXN_3034652;15.0
TXN_2710779;20.0
TXN_2333576;0.0
TXN_7189368;8.0
TXN_6306655;4.0
TXN_7169320;6.0
TXN_8245906;0.0
TXN_3611851;2.0
TXN_2771364;2.0
TXN_9279347;0.0
TXN_8278982;20.0
TXN_7686476;6.0
TXN_1926278;1.0
TXN_3981000;1.5
TXN_6167259;6.0
TXN_7367474;15.0
TXN_7551097;6.0
TXN_1498343;10.0
TXN_3107619;2.0
TXN_7380217;1.5
TXN_3195132;20.0
TXN_9001088;0.0
TXN_7411993;6.0
TXN_1907250;1.0
TXN_8504764;8.0
TXN_1630051;20.0
TXN_4360040;5.0
TXN_9490163;17.0
TXN_2640727;9.0
TXN_5113993;1.0
TXN_5538713;2.0
TXN_5949811;0.0
TXN_2565449;12.0
TXN_9224501;25.0
TXN_5767393;12.0
TXN_4638629;16.0
TXN_9287133;15.0
TXN_5460750;9.0
TXN_2543138;4.0
TXN_7134064;20.0
TXN_2285849;3.0
TXN_2624121;7.5
TXN_8321225;6.0
TXN_9373436;20.0
TXN_8668901;6.0
TXN_4903004;6.0
TXN_2195218;12.0
TXN_2161341;25.0
TXN_8753888;4.0
TXN_2815691;15.0
TXN_7957208;1.5
TXN_6851213;3.0
TXN_7543722;3.0
TXN_9731530;0.0
TXN_1248266;15.0
TXN_5400273;16.0
TXN_3312002;16.0
TXN_5331122;20.0
TXN_1867836;3.0
TXN_5108804;0.0
TXN_2699583;20.0
TXN_2156218;8.0
TXN_8271025;15.0
TXN_4894699;2.0
TXN_5427338;0.0
TXN_8631468;3.0
TXN_7468777;5.0
TXN_2627056;16.0
TXN_5062280;16.0
TXN_3620110;2.0
TXN_1005331;2.0
TXN_4836614;6.0
TXN_6471268;20.0
TXN_6843517;20.0
TXN_4987246;3.0
TXN_6236864;3.0
TXN_1853196;4.0
TXN_8861272;2.0
TXN_5563675;4.5
TXN_3520908;1.0
TXN_7907499;9.0
TXN_8360073;12.0
TXN_4840295;16.0
TXN_2080682;6.0
TXN_5661891;5.0
TXN_1834831;25.0
TXN_9834415;2.0
TXN_4002629;15.0
TXN_6259827;0.0
TXN_6551087;4.0
TXN_3683787;0.0
TXN_1795044;4.0
TXN_8898121;6.0
TXN_4735392;12.0
TXN_8410712;14.0
TXN_3733753;4.0
TXN_7125945;9.0
TXN_6746140;5.0
TXN_9474082;18.0
TXN_8707598;0.0
TXN_2810554;3.0
TXN_5435751;4.0
TXN_9991468;12.0
TXN_1339457;12.0
TXN_5186460;6.0
TXN_6885561;12.0
TXN_6304285;15.0
TXN_3653328;4.0
TXN_8166394;12.0
TXN_1270603;12.0
TXN_1437275;6.0
TXN_5836079;2.0
TXN_2897115;6.0
TXN_7770253;10.0
TXN_6669163;0.0
TXN_8700156;0.0
TXN_7192920;16.0
TXN_4468830;16.0
TXN_3023841;4.5
TXN_8793244;12.0
TXN_5206049;0.0
TXN_5448602;9.0
TXN_1346517;2.0
TXN_9277534;8.0
TXN_6145837;15.0
TXN_8453110;12.0
TXN_4449173;0.0
TXN_6641409;20.0
TXN_6132959;25.0
TXN_8626161;12.0
TXN_7099050;15.0
TXN_8938663;3.0
TXN_9565465;4.5
TXN_6301600;12.0
TXN_1529904;2.0
TXN_5807634;20.0
TXN_8191921;15.0
TXN_6119798;5.0
TXN_9793353;6.0
TXN_4547995;9.0
TXN_7032256;20.0
TXN_2064360;8.0
TXN_7125392;0.0
TXN_2564219;5.0
TXN_1203954;4.0
TXN_4488222;4.5
TXN_3103967;6.0
TXN_9853577;8.0
TXN_4349597;12.0
TXN_3353214;20.0
TXN_1672443;2.0
TXN_6277500;8.0
TXN_6671827;5.0
TXN_5894676;20.0
TXN_1411744;16.0
TXN_6610554;10.0
TXN_6169248;15.0
TXN_1581997;20.0
TXN_4030197;15.0
TXN_3912836;5.0
TXN_3833729;16.0
TXN_7054393;4.0
TXN_8308672;10.0
TXN_3190959;3.0
TXN_6199016;3.0
TXN_9301279;0.0
TXN_5516804;0.0
TXN_7501717;4.0
TXN_1351151;0.0
TXN_6117497;4.0
TXN_6018740;8.0
TXN_7694020;0.0
TXN_5167425;0.0
TXN_2694724;8.0
TXN_7415686;12.0
TXN_7231548;12.0
TXN_5956755;20.0
TXN_9293417;4.5
TXN_7741256;15.0
TXN_3484190;10.0
TXN_2621008;2.0
TXN_5429861;3.0
TXN_8002886;10.0
TXN_9956671;0.0
TXN_2764962;3.0
TXN_5396727;0.0
TXN_3413185;0.0
TXN_1491299;6.0
TXN_3277379;10.0
TXN_3044825;1.5
TXN_9019429;8.0
TXN_6365371;8.0
TXN_4064245;9.0
TXN_8777692;8.0
TXN_9126502;20.0
TXN_6626427;4.0
TXN_4507755;6.0
TXN_6364938;0.0
TXN_6755757;16.0
TXN_3596456;6.0
TXN_2130415;0.0
TXN_1738607;6.0
TXN_3927733;25.0
TXN_9489176;15.0
TXN_3061266;4.0
TXN_5055872;0.0
TXN_1386024;12.0
TXN_8397155;20.0
TXN_4301188;16.0
TXN_7865220;4.0
TXN_1869147;16.0
TXN_9270865;8.0
TXN_7373126;8.0
TXN_8097899;8.0
TXN_6131415;7.5
TXN_1248436;12.0
TXN_5932169;0.0
TXN_6064282;16.0
TXN_5413274;20.0
TXN_2461859;8.0
TXN_6629689;8.0
TXN_8900579;12.0
TXN_3225132;12.0
TXN_6522252;3.0
TXN_2631671;1.0
TXN_2345373;4.5
TXN_9372046;6.0
TXN_5379179;2.0
TXN_1996318;15.0
TXN_2135613;12.0
TXN_4959129;6.0
TXN_9587015;15.0
TXN_7943598;16.0
TXN_6845472;20.0
TXN_2861396;25.0
TXN_6915899;15.0
TXN_5198524;3.0
TXN_3432879;15.0
TXN_6786340;10.0
TXN_8689246;20.0
TXN_9036067;5.0
TXN_4068183;15.0
TXN_7903841;6.0
TXN_8936663;4.0
TXN_7771434;8.0
TXN_6087494;15.0
TXN_5358805;10.0
TXN_6691781;8.0
TXN_7145672;4.0
TXN_5974123;8.0
TXN_9833245;1.0
TXN_9690114;0.0
TXN_7944534;0.0
TXN_8792638;4.5
TXN_7397665;0.0
TXN_1663257;8.0
TXN_3227186;10.0
TXN_5255023;8.0
TXN_8669012;4.5
TXN_4099487;20.0
TXN_8878830;8.0
TXN_3303114;20.0
TXN_5313211;20.0
TXN_2282283;2.0
TXN_7211769;3.0
TXN_6643951;4.0
TXN_6725579;3.0
TXN_4015101;4.0
TXN_6037712;0.0
TXN_6845225;6.0
TXN_5214219;20.0
TXN_9798525;4.0
TXN_5622313;10.0
TXN_3446033;3.0
TXN_6249754;4.0
TXN_9729280;4.5
TXN_5158607;0.0
TXN_1045022;16.0
TXN_9186913;2.0
TXN_4851339;4.0
TXN_3274105;5.0
TXN_2810280;4.0
TXN_9901424;3.0
TXN_3756680;3.0
TXN_2334523;0.0
TXN_8611913;8.5
TXN_4953063;0.0
TXN_7800236;15.0
TXN_6403859;20.0
TXN_8335965;7.5
TXN_9703722;20.0
TXN_6259001;6.0
TXN_7682605;7.5
TXN_4690415;0.0
TXN_7946450;0.0
TXN_2122597;9.0
TXN_7510217;0.0
TXN_8459594;4.0
TXN_2982995;5.0
TXN_5875661;12.0
TXN_2555823;12.0
TXN_4223265;15.0
TXN_3390072;1.5
TXN_6491662;4.0
TXN_9500986;2.0
TXN_2147453;4.0
TXN_9137801;20.0
TXN_6092344;5.0
TXN_1218016;4.5
TXN_8110646;6.0
TXN_6336973;8.0
TXN_5609260;5.0
TXN_4242676;10.0
TXN_6835777;15.0
TXN_5496581;3.0
TXN_2047672;4.0
TXN_6893490;6.0
TXN_3743336;10.0
TXN_6851654;5.0
TXN_7345190;16.0
TXN_6647319;17.0
TXN_4483304;16.0
TXN_4506778;9.0
TXN_9723120;7.5
TXN_2726676;6.0
TXN_4011694;2.0
TXN_3327212;3.0
TXN_3869958;3.0
TXN_6476304;8.0
TXN_4571222;2.0
TXN_6484542;25.0
TXN_9601220;3.0
TXN_6404625;15.0
TXN_1239021;0.0
TXN_4630854;1.0
TXN_2123573;10.0
TXN_8036176;4.0
TXN_2490185;20.0
TXN_6295420;3.0
TXN_1542042;12.0
TXN_7716125;2.0
TXN_6579109;3.0
TXN_5577030;4.0
TXN_8031804;10.0
TXN_6755107;8.0
TXN_5632156;16.0
TXN_9861782;16.0
TXN_6112765;4.0
TXN_1938071;16.0
TXN_8774692;7.5
TXN_4887268;5.0
TXN_6651961;20.0
TXN_6303383;12.0
TXN_5203710;0.0
TXN_7059722;20.0
TXN_4084052;6.0
TXN_3843541;15.0
TXN_7113656;6.0
TXN_6039235;6.0
TXN_3923847;6.0
TXN_3226989;5.0
TXN_1523567;15.0
TXN_9996195;15.0
TXN_4243591;12.0
TXN_4138399;5.0
TXN_1724233;5.0
TXN_1564506;20.0
TXN_6130455;3.0
TXN_7622389;6.0
TXN_7503593;5.0
TXN_4076463;3.0
TXN_3879110;4.0
TXN_2732570;3.0
TXN_4592205;3.0
TXN_6660755;2.0
TXN_3750900;0.0
TXN_3290872;6.0
TXN_6378158;0.0
TXN_8800818;6.0
TXN_1145592;3.0
TXN_2670487;6.0
TXN_3119835;3.0
TXN_7107807;1.0
TXN_6662213;16.0
TXN_1336900;15.0
TXN_8122340;8.0
TXN_4130861;10.0
TXN_3741325;20.0
TXN_8658970;15.0
TXN_2887971;8.0
TXN_9865855;3.0
TXN_2217295;0.0
TXN_8913492;16.0
TXN_5625086;4.0
TXN_4435352;10.0
TXN_7293241;2.0
TXN_2224935;2.0
TXN_5475746;9.0
TXN_9540864;2.0
TXN_6389404;15.0
TXN_1212652;9.0
TXN_5745054;4.0
TXN_4328090;0.0
TXN_3499226;3.0
TXN_1259340;2.0
TXN_2614271;8.0
TXN_3792125;25.0
TXN_8608811;15.0
TXN_4844386;0.0
TXN_4368729;6.0
TXN_5072156;4.5
TXN_4877933;15.0
TXN_3308378;4.0
TXN_4355766;5.0
TXN_5331285;12.0
TXN_3943672;16.0
TXN_4356564;4.0
TXN_6762250;2.0
TXN_2432379;2.0
TXN_3187634;10.0
TXN_1961943;0.0
TXN_5908104;8.0
TXN_2155393;6.0
TXN_5837801;5.0
TXN_2544724;15.0
TXN_1035504;8.0
TXN_9781961;2.0
TXN_5313347;2.0
TXN_7585599;3.0
TXN_6333241;0.0
TXN_1635631;4.0
TXN_4620647;2.0
TXN_5348915;3.0
TXN_4036214;0.0
TXN_6323914;3.0
TXN_7804128;20.0
TXN_2930752;6.0
TXN_2210265;6.0
TXN_5534515;4.0
TXN_9561380;4.0
TXN_3038078;1.0
TXN_9749175;3.0
TXN_4502314;3.0
TXN_5476846;6.0
TXN_3703964;8.0
TXN_1554195;8.0
TXN_3429942;12.0
TXN_2134660;15.0
TXN_8944175;18.0
TXN_4680399;15.0
TXN_9202496;20.0
TXN_1216051;12.0
TXN_5268025;5.0
TXN_3358494;10.0
TXN_9752586;3.0
TXN_1324968;3.0
TXN_3985920;25.0
TXN_2408294;16.0
TXN_7380756;5.0
TXN_1315214;3.0
TXN_7602467;1.0
TXN_2809397;10.0
TXN_8752130;6.0
TXN_9134257;0.0
TXN_7707761;4.5
TXN_3177517;1.5
TXN_5353855;12.0
TXN_6309965;15.0
TXN_2661443;6.0
TXN_3578712;0.0
TXN_6131350;0.0
TXN_9207050;5.0
TXN_1938148;6.0
TXN_2024598;4.0
TXN_7145872;25.0
TXN_9004306;8.0
TXN_7899686;4.0
TXN_6360436;6.0
TXN_3295247;11.0
TXN_9470768;20.0
TXN_6568978;9.0
TXN_5339625;20.0
TXN_1375992;5.0
TXN_2077318;6.0
TXN_6158865;1.0
TXN_1533790;0.0
TXN_7090165;20.0
TXN_9533792;3.0
TXN_9174916;6.0
TXN_2849719;10.0
TXN_9623460;12.0
TXN_3359704;15.0
TXN_7093219;16.0
TXN_2444408;8.0
TXN_3296152;15.0
TXN_5157855;5.0
TXN_7543369;7.5
TXN_2761949;15.0
TXN_8062897;8.0
TXN_4831426;12.0
TXN_5745955;16.0
TXN_6866209;20.0
TXN_2559288;20.0
TXN_9188692;0.0
TXN_2936975;1.5
TXN_2092288;2.0
TXN_5701303;2.0
TXN_7323833;12.0
TXN_5161371;6.0
TXN_6228918;3.0
TXN_1719440;5.0
TXN_6273703;3.0
TXN_6797827;4.0
TXN_3729074;15.0
TXN_7904970;0.0
TXN_8845592;20.0
TXN_2081985;4.0
TXN_5664467;6.0
TXN_2275523;6.0
TXN_8668840;15.0
TXN_5009367;9.0
TXN_5930921;2.0
TXN_3067854;3.0
TXN_6799966;6.0
TXN_8684125;10.0
TXN_7753587;3.0
TXN_8715515;15.0
TXN_8242126;20.0
TXN_5685028;15.0
TXN_9245124;6.0
TXN_5983031;9.0
TXN_9629541;20.0
TXN_7503640;15.0
TXN_1135761;9.0
TXN_8558404;0.0
TXN_8250427;8.0
TXN_7368648;1.5
TXN_1217959;6.0
TXN_5052998;9.0
TXN_7905741;10.0
TXN_9069297;4.0
TXN_3313000;10.0
TXN_7483257;8.0
TXN_3894820;20.0
TXN_1139495;15.0
TXN_6212975;4.0
TXN_4223466;12.0
TXN_7279066;15.0
TXN_6608817;20.0
TXN_4258943;8.0
TXN_1897660;4.5
TXN_9774691;9.0
TXN_1522430;12.0
TXN_7666909;12.0
TXN_9365558;20.0
TXN_6837601;5.0
TXN_4674417;5.0
TXN_4641838;5.0
TXN_2552405;15.0
TXN_7343905;2.0
TXN_9470590;5.0
TXN_7212607;6.0
TXN_8384628;15.0
TXN_9749434;15.0
TXN_4778105;12.0
TXN_7804488;2.0
TXN_3379368;15.0
TXN_7651864;16.0
TXN_7089173;3.0
TXN_5410349;15.0
TXN_5234368;6.0
TXN_5446085;6.0
TXN_9676940;6.0
TXN_6310726;3.0
TXN_4096816;6.0
TXN_7451083;2.0
TXN_9176418;4.0
TXN_7612618;16.0
TXN_7321789;12.0
TXN_2622670;15.0
TXN_2152670;4.5
TXN_4943715;10.0
TXN_6496099;0.0
TXN_8696065;12.0
TXN_1250407;1.0
TXN_1617476;6.0
TXN_4196578;3.0
TXN_9725461;12.0
TXN_1000555;1.5
TXN_9429128;0.0
TXN_1365285;15.0
TXN_3375399;0.0
TXN_6853678;4.0
TXN_6530886;2.0
TXN_3530720;20.0
TXN_3716067;7.5
TXN_6977098;15.0
TXN_7735237;6.0
TXN_8676769;0.0
TXN_5282529;7.5
TXN_9495930;4.0
TXN_3514492;9.0
TXN_1349215;0.0
TXN_7223646;0.0
TXN_4033982;3.0
TXN_4227337;6.0
TXN_7119228;12.0
TXN_6872268;6.0
TXN_3999554;2.0
TXN_3687300;2.0
TXN_2801651;12.0
TXN_5005592;3.0
TXN_2182790;7.5
TXN_7251929;10.0
TXN_2145530;12.0
TXN_4159861;3.0
TXN_4600614;12.0
TXN_1853298;5.0
TXN_4628310;12.0
TXN_8996187;3.0
TXN_3544792;4.0
TXN_3200195;9.0
TXN_4860027;5.0
TXN_5442505;0.0
TXN_4708410;12.0
TXN_4847617;16.0
TXN_8147057;3.0
TXN_4935258;6.0
TXN_5588239;1.0
TXN_6575599;10.0
TXN_1229376;9.0
TXN_1732216;6.0
TXN_1756717;12.0
TXN_9783697;4.0
TXN_7177487;0.0
TXN_3224756;6.0
TXN_9054741;3.0
TXN_9063299;12.0
TXN_4318159;8.0
TXN_9716971;20.0
TXN_6877186;2.0
TXN_8162049;4.0
TXN_9818498;12.0
TXN_2520102;2.0
TXN_9155044;12.0
TXN_5625110;15.0
TXN_3923375;15.0
TXN_3113823;0.0
TXN_5841004;0.0
TXN_2886223;20.0
TXN_6047742;20.0
TXN_7397017;15.0
TXN_7031347;12.0
TXN_3851247;3.0
TXN_6666679;6.0
TXN_5683213;8.0
TXN_2052609;0.0
TXN_9868053;9.0
TXN_5137315;0.0
TXN_8337899;1.0
TXN_9203396;10.0
TXN_2613440;9.0
TXN_5632564;1.0
TXN_4175122;8.0
TXN_5024094;0.0
TXN_7675213;0.0
TXN_7169607;6.0
TXN_8157817;3.0
TXN_1491670;15.0
TXN_7994275;12.0
TXN_6034920;1.0
TXN_4673812;2.0
TXN_4503560;15.0
TXN_5071222;5.0
TXN_9907306;3.0
TXN_2401829;20.0
TXN_1937611;0.0
TXN_5793057;12.0
TXN_1660757;12.0
TXN_7540909;3.0
TXN_1469462;3.0
TXN_4745094;7.5
TXN_3711712;25.0
TXN_6579974;20.0
TXN_6957331;9.0
TXN_7218914;5.0
TXN_4869107;12.0
TXN_2027203;6.0
TXN_6149748;15.0
TXN_1633563;16.0
TXN_3088330;7.5
TXN_5001766;4.0
TXN_6280724;6.0
TXN_4107857;1.5
TXN_2052771;6.0
TXN_4635037;3.0
TXN_9103776;6.0
TXN_7538221;15.0
TXN_4565754;0.0
TXN_8807333;20.0
TXN_8006056;12.0
TXN_5828907;5.0
TXN_6022618;4.0
TXN_1665810;20.0
TXN_9154381;2.0
TXN_9841222;20.0
TXN_4754346;12.0
TXN_5227574;12.0
TXN_5485774;6.0
TXN_1931832;16.0
TXN_7126803;20.0
TXN_5086063;9.0
TXN_6345691;20.0
TXN_6854151;12.0
TXN_6862075;9.0
TXN_1895899;1.0
TXN_5117140;5.0
TXN_5106045;0.0
TXN_6324736;20.0
TXN_3488590;0.0
TXN_9720549;1.0
TXN_2172960;4.0
TXN_5901182;20.0
TXN_1923984;6.0
TXN_5996894;3.0
TXN_2979899;15.0
TXN_6392156;5.0
TXN_1315847;3.0
TXN_1746001;0.0
TXN_1775278;12.0
TXN_6252589;8.0
TXN_1411473;6.0
TXN_7684072;3.0
TXN_3660999;9.0
TXN_3397978;20.0
TXN_8568597;3.0
TXN_1987716;2.0
TXN_3643348;16.0
TXN_1244509;12.0
TXN_9917989;16.0
TXN_4168628;6.0
TXN_3597656;8.0
TXN_1765281;12.0
TXN_4667663;15.0
TXN_2611683;9.0
TXN_4271744;9.0
TXN_6004967;20.0
TXN_8771574;6.0
TXN_6177161;7.5
TXN_4476151;12.0
TXN_6557174;20.0
TXN_5089516;8.0
TXN_1870303;8.0
TXN_7766134;1.5
TXN_9358399;7.5
TXN_3364751;4.0
TXN_1097334;4.0
TXN_5982786;12.0
TXN_6425991;5.0
TXN_7921799;1.0
TXN_1715317;15.0
TXN_5861636;8.0
TXN_2832778;6.0
TXN_1694090;8.0
TXN_5965095;20.0
TXN_4228312;8.0
TXN_6431703;4.0
TXN_1063524;20.0
TXN_9031518;22.0
TXN_5781767;0.0
TXN_4465589;0.0
TXN_2035838;0.0
TXN_9817602;8.0
TXN_9070074;10.0
TXN_5274961;3.0
TXN_1980303;4.5
TXN_7068406;6.0
TXN_5380220;8.0
TXN_1830278;3.0
TXN_8612901;9.0
TXN_5311814;6.0
TXN_2933739;1.0
TXN_1239876;8.0
TXN_6295047;0.0
TXN_3858791;5.0
TXN_1737731;20.0
TXN_3251829;0.0
TXN_7797231;0.0
TXN_4740892;3.0
TXN_3455415;2.0
TXN_3390882;12.0
TXN_4986514;4.5
TXN_1050083;15.0
TXN_1068317;9.0
TXN_6584150;15.0
TXN_3918515;20.0
TXN_4483226;3.0
TXN_6457997;0.0
TXN_2553269;5.0
TXN_5297692;15.0
TXN_8241724;6.0
TXN_6437181;12.0
TXN_2335312;6.0
TXN_8999576;15.0
TXN_5513984;1.5
TXN_5600914;16.0
TXN_5346493;5.0
TXN_5738521;10.0
TXN_3539062;10.0
TXN_6224451;4.0
TXN_7630912;0.0
TXN_5650608;0.0
TXN_2134911;7.5
TXN_9257475;12.0
TXN_9123562;15.0
TXN_5470598;9.0
TXN_3228558;8.0
TXN_6388107;9.0
TXN_6506895;15.0
TXN_2917211;20.0
TXN_2413548;3.0
TXN_6633097;12.0
TXN_7116936;10.0
TXN_7991322;10.0
TXN_4209748;2.0
TXN_8941438;12.0
TXN_5664982;7.5
TXN_2892693;4.0
TXN_2265603;12.0
TXN_4639918;5.0
TXN_3494014;3.0
TXN_3656884;10.0
TXN_8040251;2.0
TXN_8411549;0.0
TXN_3747376;2.0
TXN_8606152;20.0
TXN_1260517;20.0
TXN_6898368;12.0
TXN_2224251;12.0
TXN_3734446;10.0
TXN_7969017;4.5
TXN_8490157;10.0
TXN_7878395;15.0
TXN_1672632;15.0
TXN_9216314;3.0
TXN_2172301;4.0
TXN_3730077;2.0
TXN_3680192;20.0
TXN_9268974;8.0
TXN_2465074;3.0
TXN_8038871;15.0
TXN_4564556;6.0
TXN_7349319;3.0
TXN_7294526;20.0
TXN_3964398;12.0
TXN_3419352;15.0
TXN_6851735;1.0
TXN_9184804;0.0
TXN_6202631;3.0
TXN_8377812;3.0
TXN_2603561;3.0
TXN_9822173;20.0
TXN_3389521;0.0
TXN_8916290;25.0
TXN_5276842;4.0
TXN_5716276;6.0
TXN_5672156;0.0
TXN_1603051;7.0
TXN_6567880;0.0
TXN_3466686;12.0
TXN_6064301;1.0
TXN_5005674;20.0
TXN_6377813;10.0
TXN_1064565;12.0
TXN_9104545;6.0
TXN_2108125;2.0
TXN_8743849;6.0
TXN_4536827;0.0
TXN_6226704;8.0
TXN_6234070;8.0
TXN_9489495;2.0
TXN_7637178;6.0
TXN_1281536;20.0
TXN_2591969;0.0
TXN_7975336;7.5
TXN_9278090;15.0
TXN_8939048;3.0
TXN_1193809;2.5
TXN_9281710;9.0
TXN_3596270;0.0
TXN_3902135;6.0
TXN_9131337;16.0
TXN_2278015;3.0
TXN_5677927;25.0
TXN_7860054;7.5
TXN_9233730;7.5
TXN_9774251;6.0
TXN_4565233;15.0
TXN_6898341;3.0
TXN_9160109;3.0
TXN_1082012;20.0
TXN_8325464;20.0
TXN_7322436;12.0
TXN_1733916;16.0
TXN_6068564;12.0
TXN_7023753;0.0
TXN_5037728;0.0
TXN_6309570;4.0
TXN_1118799;16.0
TXN_5738282;12.0
TXN_6346483;2.0
TXN_3499910;4.0
TXN_8616276;0.0
TXN_6249023;3.0
TXN_8620426;3.0
TXN_2037742;12.0
TXN_7013527;10.0
TXN_2798420;7.5
TXN_9489442;6.0
TXN_8155325;10.0
TXN_5353468;3.0
TXN_3355537;4.5
TXN_4594866;1.0
TXN_4848431;25.0
TXN_9810868;1.0
TXN_1430778;1.5
TXN_1833012;15.0
TXN_7737862;2.0
TXN_7814690;4.0
TXN_6083650;4.0
TXN_8342990;1.5
TXN_4407959;1.0
TXN_3422759;25.0
TXN_1583983;4.5
TXN_3634860;15.0
TXN_5732357;7.5
TXN_3166181;3.0
TXN_5644074;0.0
TXN_2396923;0.0
TXN_4841285;3.0
TXN_4296204;25.0
TXN_6478978;9.0
TXN_7630750;6.0
TXN_2629168;3.0
TXN_1269252;3.0
TXN_4849180;0.0
TXN_2370338;12.0
TXN_8628848;3.0
TXN_6894703;1.0
TXN_9246948;15.0
TXN_4807265;12.0
TXN_5275315;8.0
TXN_7423281;3.0
TXN_4455667;8.0
TXN_9945729;10.0
TXN_8124663;8.0
TXN_1769466;9.0
TXN_6717074;7.5
TXN_3856021;5.0
TXN_2902289;7.5
TXN_9231214;9.0
TXN_2005789;9.0
TXN_4814965;10.0
TXN_6739950;0.0
TXN_1165762;6.0
TXN_1122700;25.0
TXN_9134335;9.0
TXN_1075969;2.0
TXN_5799196;12.0
TXN_4561006;6.0
TXN_6652858;25.0
TXN_5932892;12.0
TXN_7466586;20.0
TXN_4207981;4.0
TXN_2771482;20.0
TXN_9450903;12.0
TXN_1165779;4.0
TXN_8205635;15.0
TXN_1984966;3.0
TXN_4607933;8.0
TXN_2324227;1.0
TXN_2452819;3.0
TXN_1783857;0.0
TXN_8106538;0.0
TXN_6732494;4.0
TXN_5458161;4.0
TXN_9097840;4.5
TXN_5747094;6.0
TXN_9782087;16.0
TXN_5824950;2.0
TXN_1902038;8.0
TXN_7210366;6.0
TXN_6327785;4.5
TXN_3206293;5.0
TXN_5827969;25.0
TXN_2859077;12.0
TXN_8066306;15.0
TXN_5224275;4.0
TXN_3842567;5.0
TXN_2188137;1.5
TXN_8065180;20.0
TXN_4448424;0.0
TXN_3396099;2.0
TXN_2693431;7.0
TXN_7767493;20.0
TXN_2954575;3.0
TXN_8983868;10.0
TXN_3540841;0.0
TXN_8933027;15.0
TXN_5763287;0.0
TXN_1812185;6.0
TXN_2134650;12.0
TXN_8794205;12.0
TXN_2464879;6.0
TXN_8294790;1.0
TXN_3601338;9.0
TXN_3709876;2.0
TXN_8126762;10.0
TXN_8131052;1.0
TXN_3353615;8.0
TXN_5788053;20.0
TXN_1171281;4.0
TXN_9875865;3.0
TXN_6244602;15.0
TXN_5588102;4.0
TXN_7762815;20.0
TXN_8421481;8.0
TXN_3717307;0.0
TXN_9052231;4.0
TXN_8228865;9.0
TXN_5875188;15.0
TXN_7997704;8.0
TXN_4409875;9.0
TXN_4015427;5.0
TXN_3358787;3.0
TXN_1307239;2.0
TXN_2450896;4.0
TXN_4052950;10.0
TXN_2207332;2.0
TXN_6633385;8.0
TXN_9523369;6.0
TXN_3548756;9.0
TXN_9332035;2.0
TXN_7846513;12.0
TXN_6188931;15.0
TXN_6707466;0.0
TXN_2365394;6.0
TXN_2898188;20.0
TXN_3741197;15.0
TXN_7705748;9.0
TXN_1489746;3.0
TXN_2864951;7.5
TXN_7809825;8.0
TXN_6869880;12.0
TXN_1443201;5.0
TXN_9157460;12.0
TXN_9948645;5.0
TXN_9507568;16.0
TXN_2165365;0.0
TXN_4497327;2.0
TXN_3677890;0.0
TXN_9300970;6.0
TXN_5357157;12.0
TXN_2000400;7.5
TXN_5612022;5.0
TXN_3105489;9.0
TXN_2096922;6.0
TXN_2563679;15.0
TXN_7126770;12.0
TXN_6348409;15.0
TXN_1454866;0.0
TXN_4654061;8.0
TXN_8160791;15.0
TXN_1647069;4.0
TXN_1004563;7.5
TXN_7387056;12.0
TXN_1927431;1.0
TXN_1130142;1.0
TXN_6682443;12.0
TXN_3279039;12.0
TXN_1295824;1.5
TXN_8305936;9.0
TXN_9843811;6.0
TXN_6405258;3.0
TXN_1224087;10.0
TXN_7727118;20.0
TXN_2769769;25.0
TXN_8413949;3.0
TXN_6814891;2.0
TXN_6424202;0.0
TXN_4283360;4.0
TXN_3956393;4.0
TXN_9576057;7.5
TXN_8323012;4.5
TXN_7072883;4.0
TXN_3779292;10.0
TXN_5848025;7.5
TXN_4661976;12.0
TXN_4818703;2.0
TXN_6387334;20.0
TXN_6431384;12.0
TXN_5530717;3.0
TXN_5477578;0.0
TXN_1094145;5.0
TXN_6504180;4.0
TXN_6378045;20.0
TXN_6266147;9.0
TXN_7499330;1.0
TXN_8815623;4.0
TXN_7632478;9.0
TXN_3518789;4.0
TXN_6162668;20.0
TXN_8810601;6.0
TXN_6572164;4.0
TXN_2470532;2.0
TXN_6920323;4.0
TXN_7524971;6.0
TXN_1700027;16.0
TXN_5942938;9.0
TXN_8813764;0.0
TXN_2409052;4.0
TXN_4849860;6.0
TXN_7689696;20.0
TXN_6511228;20.0
TXN_2972777;0.0
TXN_4095768;25.0
TXN_2791987;0.0
TXN_6045577;4.0
TXN_5534944;7.5
TXN_7887682;4.0
TXN_5839300;3.0
TXN_4753853;15.0
TXN_7145259;6.0
TXN_2817018;12.0
TXN_4135134;5.0
TXN_4566012;5.0
TXN_5125382;2.0
TXN_9549381;3.0
TXN_6482262;9.0
TXN_1951166;3.0
TXN_5551020;8.0
TXN_9269683;20.0
TXN_7493097;0.0
TXN_8581124;10.0
TXN_3589218;10.0
TXN_2436779;3.0
TXN_9317529;0.0
TXN_2719734;15.0
TXN_8566668;20.0
TXN_8284384;6.0
TXN_2139240;16.0
TXN_2508499;4.5
TXN_8510436;3.0
TXN_4977130;4.0
TXN_9284099;6.0
TXN_7454416;1.5
TXN_9027002;0.0
TXN_7179013;15.0
TXN_1448501;12.0
TXN_6419668;12.0
TXN_8810001;20.0
TXN_4439120;2.0
TXN_4613510;15.0
TXN_7937275;12.0
TXN_6399545;16.0
TXN_2980279;3.0
TXN_6286062;2.0
TXN_4049031;10.0
TXN_8549381;20.0
TXN_7416880;3.0
TXN_1360379;1.5
TXN_9617454;4.0
TXN_1368769;3.0
TXN_4343848;5.0
TXN_7656355;12.0
TXN_4434005;1.0
TXN_7975760;9.0
TXN_9177867;4.5
TXN_8937461;5.0
TXN_2485272;6.0
TXN_2114182;3.0
TXN_4126189;0.0
TXN_9592941;7.5
TXN_7153885;5.0
TXN_1917388;6.0
TXN_5279972;16.0
TXN_5347792;15.0
TXN_4829492;6.0
TXN_6470865;0.0
TXN_3986639;5.0
TXN_2915287;5.0
TXN_1607471;8.0
TXN_1244739;10.0
TXN_6807913;9.0
TXN_6438869;15.0
TXN_1047204;3.0
TXN_6017458;25.0
TXN_1075446;4.0
TXN_8958723;16.0
TXN_2337113;2.0
TXN_2417721;8.0
TXN_6574910;1.0
TXN_1247244;4.0
TXN_4506936;1.0
TXN_2827994;15.0
TXN_7924635;20.0
TXN_9098841;3.0
TXN_2311186;12.0
TXN_8061460;12.0
TXN_3920436;6.0
TXN_5514988;5.0
TXN_8710758;12.0
TXN_4873180;7.5
TXN_9643918;3.0
TXN_5898238;0.0
TXN_5337074;3.0
TXN_8619494;4.0
TXN_7268802;10.0
TXN_1842981;7.5
TXN_5793417;8.0
TXN_2927909;12.0
TXN_3754190;9.0
TXN_4781960;3.0
TXN_3982257;4.0
TXN_1463795;10.0
TXN_5930304;8.0
TXN_4249989;8.0
TXN_6585794;20.0
TXN_4476636;0.0
TXN_4477559;15.0
TXN_5542033;12.0
TXN_1710823;8.0
TXN_5225537;7.5
TXN_3587444;6.0
TXN_3017917;0.0
TXN_8090925;3.0
TXN_7738013;25.0
TXN_6617283;6.0
TXN_2615514;0.0
TXN_1004184;4.0
TXN_4141868;4.5
TXN_4168771;10.0
TXN_6328925;20.0
TXN_2980632;3.0
TXN_7253734;0.0
TXN_6679600;2.0
TXN_8722854;4.0
TXN_5722123;12.0
TXN_3518261;8.0
TXN_5927925;12.0
TXN_5101593;15.0
TXN_5939363;7.5
TXN_1636908;12.0
TXN_8944698;6.0
TXN_7811387;5.0
TXN_1884923;8.0
TXN_6874354;16.0
TXN_9690711;2.0
TXN_4507533;3.0
TXN_7636238;16.0
TXN_8913153;8.0
TXN_7595206;20.0
TXN_8424592;16.0
TXN_2000406;6.0
TXN_7820220;9.0
TXN_5880883;20.0
TXN_6613909;12.0
TXN_5384343;3.0
TXN_6580743;2.0
TXN_1891141;12.0
TXN_1252575;1.5
TXN_5247378;8.0
TXN_8917822;6.0
TXN_1190151;15.0
TXN_8304002;3.0
TXN_1751183;20.0
TXN_2112333;2.0
TXN_1736630;7.5
TXN_4153132;15.0
TXN_3061634;2.0
TXN_6991736;6.0
TXN_7334272;8.0
TXN_4705417;25.0
TXN_8145970;15.0
TXN_9115899;0.0
TXN_5317458;10.0
TXN_6913384;4.5
TXN_1910487;0.0
TXN_6142549;9.0
TXN_4390911;10.0
TXN_9814511;3.0
TXN_5183674;4.0
TXN_5795475;4.5
TXN_5865534;16.0
TXN_7060144;15.0
TXN_5159669;6.0
TXN_4268051;1.0
TXN_8120958;0.0
TXN_5530097;6.0
TXN_9094261;6.0
TXN_5661323;2.0
TXN_2356583;0.0
TXN_9697154;4.5
TXN_6381860;2.0
TXN_8830924;3.0
TXN_6321174;6.0
TXN_6052901;20.0
TXN_5537517;12.0
TXN_6359281;4.0
TXN_8367716;3.0
TXN_6779763;3.0
TXN_1985142;12.0
TXN_8385321;11.0
TXN_5345258;10.0
TXN_8932759;12.0
TXN_6958638;0.0
TXN_4996304;4.0
TXN_9566593;4.0
TXN_3459927;0.0
TXN_4135861;10.0
TXN_2031545;6.0
TXN_4676976;12.0
TXN_7421018;16.0
TXN_5364052;8.0
TXN_8560548;4.0
TXN_1240476;6.0
TXN_8345092;4.0
TXN_1585827;9.0
TXN_1990029;7.0
TXN_5796131;12.0
TXN_7804740;8.0
TXN_9082461;0.0
TXN_6665881;6.0
TXN_3042768;3.0
TXN_4664329;3.0
TXN_7442492;25.0
TXN_8664335;20.0
TXN_5321145;20.0
TXN_4826214;6.0
TXN_3597806;3.0
TXN_4833378;15.0
TXN_9073440;8.0
TXN_4089355;10.0
TXN_1882700;4.5
TXN_2112911;15.0
TXN_7568316;6.0
TXN_5665311;2.0
TXN_5453836;8.0
TXN_7402846;0.0
TXN_2274702;5.0
TXN_2701016;15.0
TXN_8809853;2.0
TXN_6516391;6.0
TXN_9685326;12.0
TXN_7656770;2.0
TXN_4092551;15.0
TXN_8598575;16.0
TXN_7844352;0.0
TXN_4965631;12.0
TXN_4554168;6.0
TXN_6536418;25.0
TXN_4580084;20.0
TXN_3996874;6.0
TXN_7106595;0.0
TXN_5439860;1.5
TXN_3216618;20.0
TXN_8360779;4.0
TXN_6369590;25.0
TXN_5039782;1.5
TXN_3171673;8.0
TXN_1170198;6.0
TXN_3097593;8.0
TXN_3431526;3.0
TXN_1489218;10.0
TXN_1936644;9.0
TXN_2860514;5.0
TXN_4143449;12.0
TXN_7792223;12.0
TXN_9982090;7.5
TXN_6507690;0.0
TXN_8402941;15.0
TXN_7976001;12.0
TXN_4969003;1.0
TXN_3629728;4.0
TXN_7027319;0.0
TXN_1907428;12.0
TXN_5860664;15.0
TXN_5765294;4.0
TXN_7924516;1.0
TXN_8837131;12.0
TXN_2659832;0.0
TXN_5049646;6.0
TXN_4031726;12.0
TXN_9428611;20.0
TXN_1472433;2.0
TXN_5483635;11.0
TXN_1848481;4.0
TXN_3842766;4.5
TXN_3822036;12.0
TXN_8165784;15.0
TXN_3619141;4.0
TXN_9513509;4.0
TXN_5919038;1.0
TXN_8384229;6.0
TXN_3132488;0.0
TXN_9126573;20.0
TXN_5347338;12.0
TXN_2930963;8.0
TXN_7997252;9.0
TXN_3654670;3.0
TXN_1870423;10.0
TXN_1006942;5.0
TXN_1026799;15.0
TXN_8489120;2.0
TXN_6200609;25.0
TXN_8742689;7.5
TXN_1996466;4.0
TXN_1124796;7.5
TXN_7124156;5.0
TXN_5263693;3.0
TXN_1702437;16.0
TXN_1334406;3.0
TXN_1556708;4.0
TXN_3427754;8.0
TXN_3512545;0.0
TXN_7703185;0.0
TXN_9904505;8.0
TXN_5020643;4.5
TXN_8170122;5.0
TXN_4663537;10.0
TXN_5927620;4.0
TXN_1133945;8.0
TXN_5467240;19.0
TXN_9814929;9.0
TXN_1826919;15.0
TXN_3135048;5.0
TXN_3105263;16.0
TXN_4504141;20.0
TXN_9120328;7.5
TXN_8714536;16.0
TXN_3282601;6.0
TXN_2970011;8.0
TXN_5556328;7.5
TXN_7952153;8.0
TXN_1570573;12.0
TXN_5991995;3.0
TXN_2028930;2.0
TXN_3394874;8.0
TXN_5804346;0.0
TXN_5926025;8.0
TXN_2220389;20.0
TXN_9603773;2.0
TXN_5244558;16.0
TXN_1702434;12.0
TXN_8019335;12.0
TXN_7332957;20.0
TXN_1278539;1.5
TXN_1548245;16.0
TXN_2726078;6.0
TXN_5249091;20.0
TXN_9507397;3.0
TXN_3300171;5.0
TXN_4697112;12.0
TXN_8668590;4.0
TXN_9792412;0.0
TXN_2103018;15.0
TXN_6159539;3.0
TXN_5234152;5.0
TXN_9468033;3.0
TXN_3132304;4.0
TXN_2728444;5.0
TXN_1509627;0.0
TXN_5518591;4.0
TXN_7939659;9.0
TXN_4028494;9.0
TXN_6546131;8.0
TXN_9030656;15.0
TXN_4605239;2.0
TXN_3716685;20.0
TXN_1580822;15.0
TXN_5060289;7.5
TXN_7874772;1.5
TXN_2625464;12.0
TXN_9338442;3.0
TXN_2953908;11.0
TXN_8069514;16.0
TXN_6410244;6.0
TXN_3106348;20.0
TXN_6216278;8.0
TXN_9947324;8.0
TXN_9531434;1.0
TXN_3551665;12.0
TXN_7377496;3.0
TXN_2525207;2.0
TXN_5023419;5.0
TXN_8482647;20.0
TXN_3520910;5.0
TXN_9619442;12.0
TXN_8379815;0.0
TXN_8407982;10.0
TXN_3484276;5.0
TXN_4105487;16.0
TXN_9555958;16.0
TXN_4194085;5.0
TXN_7780748;3.0
TXN_7780786;3.0
TXN_3301517;0.0
TXN_3315467;8.0
TXN_9363990;9.0
TXN_3324387;4.0
TXN_7603895;20.0
TXN_9063624;2.0
TXN_8606912;0.0
TXN_8548232;16.0
TXN_6074414;10.0
TXN_5070577;0.0
TXN_8867957;4.0
TXN_6036254;6.0
TXN_2756336;12.0
TXN_9691873;1.0
TXN_9699116;2.0
TXN_3185667;0.0
TXN_8838566;15.0
TXN_9484436;0.0
TXN_7765640;0.0
TXN_2053631;5.0
TXN_4254587;7.0
TXN_7423885;12.0
TXN_1495371;8.0
TXN_7515290;0.0
TXN_9100530;12.0
TXN_7786787;1.5
TXN_8214944;4.5
TXN_9999124;3.0
TXN_1637334;3.0
TXN_9514452;0.0
TXN_6024139;12.0
TXN_7302991;15.0
TXN_6093331;8.0
TXN_8933679;15.0
TXN_8578861;25.0
TXN_3975938;12.0
TXN_6571288;8.0
TXN_2905234;1.0
TXN_6034709;4.0
TXN_3072565;9.0
TXN_9924421;15.0
TXN_8374101;25.0
TXN_5814878;8.0
TXN_2398895;15.0
TXN_8116676;6.0
TXN_4116036;0.0
TXN_3172090;3.0
TXN_9477344;2.0
TXN_5899361;3.0
TXN_4799873;3.0
TXN_9987991;0.0
TXN_1093668;4.0
TXN_4312977;3.0
TXN_6503526;0.0
TXN_7176851;6.0
TXN_6632882;4.0
TXN_2176024;0.0
TXN_7051683;9.0
TXN_3670041;12.0
TXN_5124080;1.0
TXN_3953316;2.0
TXN_5421310;0.0
TXN_9081409;3.0
TXN_8972137;12.0
TXN_5223702;16.0
TXN_2788676;2.0
TXN_5172164;4.5
TXN_1303984;20.0
TXN_3373078;16.0
TXN_7701878;16.0
TXN_7677817;0.0
TXN_2931198;6.0
TXN_3182547;0.0
TXN_6980463;5.0
TXN_4310629;9.0
TXN_4650611;2.0
TXN_3781198;9.0
TXN_8851113;4.5
TXN_9131136;6.0
TXN_8872160;25.0
TXN_1230311;9.0
TXN_2325484;0.0
TXN_2647425;12.0
TXN_4297979;2.0
TXN_1686323;16.0
TXN_5373154;9.0
TXN_6225571;8.0
TXN_4382956;6.0
TXN_1101527;0.0
TXN_2118759;4.0
TXN_7603948;9.0
TXN_5519424;3.0
TXN_3483911;5.0
TXN_5447967;0.0
TXN_5120215;4.0
TXN_4417257;24.0
TXN_8283199;9.0
TXN_1571874;3.0
TXN_6534833;20.0
TXN_3075169;0.0
TXN_4813580;12.0
TXN_4583957;2.0
TXN_8187222;8.0
TXN_1298084;3.0
TXN_4403699;1.0
TXN_5083311;16.0
TXN_8847610;9.0
TXN_9817102;6.0
TXN_5555790;0.0
TXN_5811955;10.0
TXN_5406762;20.0
TXN_3039985;5.0
TXN_1193221;4.5
TXN_5749454;0.0
TXN_3480278;0.0
TXN_6400351;6.0
TXN_1559512;0.0
TXN_8875043;20.0
TXN_8212783;0.0
TXN_7343062;20.0
TXN_2535099;20.0
TXN_1294101;7.5
TXN_5579227;0.0
TXN_4336247;10.0
TXN_4568452;3.0
TXN_6927392;15.0
TXN_4026277;4.5
TXN_4991731;0.0
TXN_9563024;0.0
TXN_3474333;9.0
TXN_9918597;16.0
TXN_3460926;9.0
TXN_2671272;4.0
TXN_8437157;16.0
TXN_8872997;16.0
TXN_8425085;3.0
TXN_4806003;5.0
TXN_9089797;2.0
TXN_6483589;9.0
TXN_8516055;20.0
TXN_3024493;4.0
TXN_5862795;0.0
TXN_8688565;20.0
TXN_8978004;4.0
TXN_9679889;12.0
TXN_9818163;0.0
TXN_4077799;12.0
TXN_8225571;0.0
TXN_2084080;4.0
TXN_2740398;4.0
TXN_8046057;2.0
TXN_3752448;15.0
TXN_3847405;4.0
TXN_5103644;12.0
TXN_8925566;3.0
TXN_3785678;1.5
TXN_8712303;6.0
TXN_2988434;3.0
TXN_7327362;10.0
TXN_5628251;12.0
TXN_7597276;16.0
TXN_6000890;6.0
TXN_7420434;8.0
TXN_1556046;16.0
TXN_2380352;4.5
TXN_6455325;12.0
TXN_4451380;3.0
TXN_2705302;10.0
TXN_3706167;20.0
TXN_6132245;10.0
TXN_2633322;0.0
TXN_4315166;8.0
TXN_5726114;12.0
TXN_1079844;10.0
TXN_8726097;1.5
TXN_1633337;25.0
TXN_5036614;16.0
TXN_1417291;12.0
TXN_1231531;10.0
TXN_8754977;12.0
TXN_3534536;2.0
TXN_4583908;0.0
TXN_6379692;0.0
TXN_1171080;12.0
TXN_7704680;10.0
TXN_6395070;16.0
TXN_9576454;3.0
TXN_7907259;4.0
TXN_5863411;3.0
TXN_8773639;6.0
TXN_5960979;10.0
TXN_7894534;4.5
TXN_5720183;5.0
TXN_6382322;4.5
TXN_8119542;5.0
TXN_1674042;10.0
TXN_7728415;7.5
TXN_2527007;4.0
TXN_2999220;16.0
TXN_6680963;8.0
TXN_2308317;4.0
TXN_8811902;7.5
TXN_7349134;4.0
TXN_2519044;25.0
TXN_2851147;10.0
TXN_3349404;6.0
TXN_3877580;10.0
TXN_5934526;10.0
TXN_8935939;4.5
TXN_1781777;15.0
TXN_1707251;8.0
TXN_4493878;0.0
TXN_2446874;12.0
TXN_5747859;3.0
TXN_8172333;4.0
TXN_3884527;4.0
TXN_9072517;8.0
TXN_4378200;7.5
TXN_3918998;10.0
TXN_3875049;3.0
TXN_5400266;4.5
TXN_2402978;3.0
TXN_1148874;1.0
TXN_7732813;0.0
TXN_6718205;8.0
TXN_8878429;15.0
TXN_6899576;10.0
TXN_6929413;1.5
TXN_1072232;4.0
TXN_7139053;20.0
TXN_3622194;3.0
TXN_3840523;8.0
TXN_6806024;0.0
TXN_5743619;25.0
TXN_8211146;20.0
TXN_4611673;20.0
TXN_9943917;12.0
TXN_5852244;6.0
TXN_2586215;6.0
TXN_5444860;3.0
TXN_3557583;20.0
TXN_5386352;4.0
TXN_3995266;4.0
TXN_7326974;12.0
TXN_8075323;4.0
TXN_8807199;25.0
TXN_8700466;8.0
TXN_2190325;16.0
TXN_3794410;12.0
TXN_3436462;10.0
TXN_7388752;5.0
TXN_6312755;8.0
TXN_4325648;9.0
TXN_7151374;6.0
TXN_6496506;3.0
TXN_2695546;0.0
TXN_3222677;4.0
TXN_9942517;8.0
TXN_8735418;10.0
TXN_7799794;4.0
TXN_6347670;3.0
TXN_9180345;0.0
TXN_9632482;6.0
TXN_9904042;16.0
TXN_8176812;20.0
TXN_1360872;0.0
TXN_9382596;20.0
TXN_9320167;15.0
TXN_5734442;4.0
TXN_1804335;0.0
TXN_3644269;5.0
TXN_1643870;20.0
TXN_4734216;15.0
TXN_4060538;6.0
TXN_9348280;8.0
TXN_6154823;20.0
TXN_1936915;15.0
TXN_8693747;0.0
TXN_2911864;3.0
TXN_2336921;9.0
TXN_3494191;8.0
TXN_6832697;15.0
TXN_2919225;8.0
TXN_4937344;0.0
TXN_6444366;2.0
TXN_7448158;0.0
TXN_1856153;10.0
TXN_8252793;4.0
TXN_8876663;0.0
TXN_3524464;0.0
TXN_2352246;16.0
TXN_9523335;2.0
TXN_2656162;2.0
TXN_6243134;3.0
TXN_9022617;2.0
TXN_2346296;12.0
TXN_4541981;0.0
TXN_8522571;6.0
TXN_4625165;15.0
TXN_6824743;8.0
TXN_1034067;0.0
TXN_6206792;0.0
TXN_7374304;7.5
TXN_9447946;8.0
TXN_8223689;25.0
TXN_2187911;2.0
TXN_1267753;4.5
TXN_4677415;4.0
TXN_3548788;20.0
TXN_2417402;12.0
TXN_4619018;15.0
TXN_2221447;1.0
TXN_6815753;4.0
TXN_9477892;9.0
TXN_9894270;1.0
TXN_5269634;15.0
TXN_7254494;10.0
TXN_6164035;1.0
TXN_5004986;12.0
TXN_4856575;15.0
TXN_1868529;5.0
TXN_3129441;9.0
TXN_1652596;20.0
TXN_3487896;10.0
TXN_1429858;4.0
TXN_5348750;25.0
TXN_4548274;15.0
TXN_3639760;15.0
TXN_8159727;0.0
TXN_5061028;1.0
TXN_4775791;16.0
TXN_6897608;4.0
TXN_1481470;9.0
TXN_5752187;12.0
TXN_3434549;20.0
TXN_7918317;1.5
TXN_8316915;5.0
TXN_4876685;1.5
TXN_7505290;20.0
TXN_5709834;12.0
TXN_4563526;16.0
TXN_5512533;5.0
TXN_9399452;12.0
TXN_5594695;9.0
TXN_5299440;6.0
TXN_6059878;15.0
TXN_5598744;16.0
TXN_4624591;10.0
TXN_6456008;25.0
TXN_4986668;9.0
TXN_6235329;10.0
TXN_8536578;13.0
TXN_2156128;4.0
TXN_9188172;9.0
TXN_4788748;16.0
TXN_2632916;9.0
TXN_2374950;15.0
TXN_7367134;16.0
TXN_4411007;5.0
TXN_5093312;4.0
TXN_6685570;1.0
TXN_7905853;4.0
TXN_7332192;2.0
TXN_6400461;8.0
TXN_9262504;12.0
TXN_3881824;0.0
TXN_7606965;15.0
TXN_8059034;2.0
TXN_2238287;15.0
TXN_9667721;7.5
TXN_6317991;5.0
TXN_7866723;8.0
TXN_7954064;15.0
TXN_5251180;1.0
TXN_5891724;25.0
TXN_9564495;12.0
TXN_2638434;15.0
TXN_5452210;7.5
TXN_7604622;0.0
TXN_9086163;2.0
TXN_5229351;6.0
TXN_5318263;4.0
TXN_8866088;6.0
TXN_5884081;1.0
TXN_7434172;2.0
TXN_2798069;7.5
TXN_7601706;0.0
TXN_6711224;3.0
TXN_1815061;9.0
TXN_9522690;4.0
TXN_2858635;4.0
TXN_6817358;0.0
TXN_4430474;6.0
TXN_2329938;12.0
TXN_7020104;7.5
TXN_6655913;1.0
TXN_7136372;9.0
TXN_1277813;15.0
TXN_5790695;7.5
TXN_3277936;3.0
TXN_1522176;0.0
TXN_6344738;20.0
TXN_5968705;12.0
TXN_9657902;3.0
TXN_3889213;0.0
TXN_2252244;0.0
TXN_6543164;3.0
TXN_9618962;0.0
TXN_5949517;20.0
TXN_6183513;10.0
TXN_3919672;0.0
TXN_7592199;4.5
TXN_7749759;1.5
TXN_5324330;15.0
TXN_5862289;12.0
TXN_8187087;6.0
TXN_9928409;16.0
TXN_9952479;4.0
TXN_7207901;5.0
TXN_2035137;3.0
TXN_6231475;10.0
TXN_3442435;0.0
TXN_1958614;8.0
TXN_4084177;3.0
TXN_2066115;20.0
TXN_5029643;3.0
TXN_7986904;3.0
TXN_4633457;5.0
TXN_9368550;9.0
TXN_5131404;16.0
TXN_3478329;4.5
TXN_5571904;25.0
TXN_5537621;12.0
TXN_9181129;0.0
TXN_5908362;20.0
TXN_2086841;20.0
TXN_9944141;15.0
TXN_2438638;6.0
TXN_4644790;4.0
TXN_8308356;4.0
TXN_3321395;0.0
TXN_7864482;4.0
TXN_7942343;4.0
TXN_1585329;16.0
TXN_3416466;6.0
TXN_5125759;6.0
TXN_1971201;8.0
TXN_7479695;20.0
TXN_1084222;8.0
TXN_1598214;0.0
TXN_7872478;12.0
TXN_9464398;12.0
TXN_3352028;4.0
TXN_2682803;15.0
TXN_1745182;0.0
TXN_7608637;5.0
TXN_9868114;8.0
TXN_4668762;12.0
TXN_1058466;3.0
TXN_9596023;10.0
TXN_1836754;1.5
TXN_4522292;1.0
TXN_2896162;2.0
TXN_9097321;6.0
TXN_2704452;10.0
TXN_5214986;0.0
TXN_1721910;16.0
TXN_1120969;4.0
TXN_4246000;2.0
TXN_9253541;1.5
TXN_6027031;15.0
TXN_4449992;3.0
TXN_7171590;6.0
TXN_1696300;1.0
TXN_8473362;9.0
TXN_7458568;23.0
TXN_7474617;15.0
TXN_1959082;15.0
TXN_9630958;0.0
TXN_6422545;6.0
TXN_6012728;12.0
TXN_1204426;0.0
TXN_3646359;10.0
TXN_3284157;0.0
TXN_3046567;10.0
TXN_3594827;15.0
TXN_6182856;12.0
TXN_7341998;9.0
TXN_6499084;0.0
TXN_5738243;0.0
TXN_5453217;2.0
TXN_2477021;0.0
TXN_2030078;4.0
TXN_6603668;0.0
TXN_7077961;6.0
TXN_2510233;8.0
TXN_3541337;4.0
TXN_2140056;1.0
TXN_9629256;12.0
TXN_6568254;10.0
TXN_1730385;6.0
TXN_4172649;20.0
TXN_4329116;9.0
TXN_4142781;20.0
TXN_4359885;2.0
TXN_4255116;12.0
TXN_6511482;4.5
TXN_1514364;10.0
TXN_8853027;20.0
TXN_3371429;10.0
TXN_5722175;3.0
TXN_2136226;0.0
TXN_2920551;16.0
TXN_8107970;4.0
TXN_8079747;10.0
TXN_2135358;15.0
TXN_6879752;1.5
TXN_9579740;9.0
TXN_2532519;6.0
TXN_9514996;8.0
TXN_4346607;10.0
TXN_2706461;15.0
TXN_1829391;12.0
TXN_5022805;7.0
TXN_6815801;1.0
TXN_1217810;1.0
TXN_7622855;8.0
TXN_3215610;6.0
TXN_6625294;8.0
TXN_4158904;6.0
TXN_3444569;4.0
TXN_1208926;4.0
TXN_8363628;5.0
TXN_4761088;12.0
TXN_2453194;12.0
TXN_1606273;2.0
TXN_7963189;4.0
TXN_4702345;20.0
TXN_9314690;10.0
TXN_3852141;15.0
TXN_6039321;10.0
TXN_4832566;18.0
TXN_2262398;1.5
TXN_9300618;4.5
TXN_2132434;20.0
TXN_9691955;9.0
TXN_4985415;6.0
TXN_6233021;15.0
TXN_6888839;4.5
TXN_5970304;20.0
TXN_2696377;12.0
TXN_7754382;16.0
TXN_4602865;5.0
TXN_5966765;15.0
TXN_2462604;12.5
TXN_3283631;8.0
TXN_7551280;4.0
TXN_3863163;3.0
TXN_3701660;4.0
TXN_3653560;8.0
TXN_3715065;15.0
TXN_9549208;2.0
TXN_2919952;0.0
TXN_2670824;6.0
TXN_8235381;3.0
TXN_2954630;10.0
TXN_1402641;4.5
TXN_6405489;12.0
TXN_3003311;15.0
TXN_3273540;3.0
TXN_3421404;16.0
TXN_8468509;0.0
TXN_9436342;12.0
TXN_1999100;12.0
TXN_2406283;12.0
TXN_1354464;15.0
TXN_5582443;17.0
TXN_6204081;3.0
TXN_8647048;8.0
TXN_1689024;10.0
TXN_5422928;6.0
TXN_9855567;3.0
TXN_3311860;3.0
TXN_4147675;3.0
TXN_7560178;5.0
TXN_3930990;6.0
TXN_6621596;10.0
TXN_7072581;2.0
TXN_6864420;2.0
TXN_9868954;16.0
TXN_7068361;15.0
TXN_1405124;12.0
TXN_5423024;4.0
TXN_3134595;9.0
TXN_2251128;12.0
TXN_6220280;1.5
TXN_2165745;8.0
TXN_2294397;10.0
TXN_7248594;6.0
TXN_3059966;4.0
TXN_7880000;15.0
TXN_1419188;15.0
TXN_1767201;25.0
TXN_9496791;20.0
TXN_8854471;15.0
TXN_4216055;5.0
TXN_2320493;4.0
TXN_2005032;2.0
TXN_5714767;20.0
TXN_8141558;15.0
TXN_7981162;9.0
TXN_2316206;1.0
TXN_4573096;2.0
TXN_3577482;12.0
TXN_6370625;12.0
TXN_7530692;2.0
TXN_2939069;20.0
TXN_5009924;9.0
TXN_7895514;10.0
TXN_8432045;9.0
TXN_7640914;5.0
TXN_4401563;15.0
TXN_8687294;12.0
TXN_2176821;15.0
TXN_2529216;0.0
TXN_8443384;20.0
TXN_7824739;3.0
TXN_7226406;3.0
TXN_9793806;4.5
TXN_6027923;5.0
TXN_8385625;6.0
TXN_5963749;3.0
TXN_5767392;15.0
TXN_8685281;0.0
TXN_3205079;15.0
TXN_8944202;12.0
TXN_6959328;12.0
TXN_9285475;7.5
TXN_8077929;4.5
TXN_8724602;12.0
TXN_7860953;4.0
TXN_8164119;4.5
TXN_5675095;16.0
TXN_4197851;0.0
TXN_7931086;12.0
TXN_9110336;5.0
TXN_3901665;3.0
TXN_7893709;12.0
TXN_4296023;7.5
TXN_1867158;4.0
TXN_9417252;8.0
TXN_7688029;15.0
TXN_3420633;20.0
TXN_5220527;4.0
TXN_8696857;2.0
TXN_9668265;3.0
TXN_5569954;4.0
TXN_8430882;8.0
TXN_9114647;25.0
TXN_9556442;4.0
TXN_5413433;12.0
TXN_9388222;1.0
TXN_6618750;20.0
TXN_6149800;16.0
TXN_5660949;3.0
TXN_4118960;20.0
TXN_3228646;5.0
TXN_1128577;4.0
TXN_4166020;12.0
TXN_5609139;3.0
TXN_3312088;0.0
TXN_2049313;6.0
TXN_9627891;4.0
TXN_5584275;4.0
TXN_4432546;4.0
TXN_6372031;9.0
TXN_1823906;15.0
TXN_2927941;16.0
TXN_7484638;12.0
TXN_8047234;9.0
TXN_7108012;1.5
TXN_3272946;15.0
TXN_7461544;4.0
TXN_5488764;8.0
TXN_4268746;15.0
TXN_1767872;10.0
TXN_7208983;5.0
TXN_9271577;6.0
TXN_9839214;3.0
TXN_7368194;8.0
TXN_9789310;16.0
TXN_6259087;8.0
TXN_6687029;0.0
TXN_1199898;4.0
TXN_4787990;3.0
TXN_9606045;3.0
TXN_1569248;1.5
TXN_1151605;2.0
TXN_4602430;12.0
TXN_7412782;2.0
TXN_5663260;0.0
TXN_5570967;2.0
TXN_9050127;0.0
TXN_8046891;2.0
TXN_2279313;0.0
TXN_9943050;1.5
TXN_2694605;2.0
TXN_7868470;0.0
TXN_1927704;10.0
TXN_8076152;6.0
TXN_9409405;6.0
TXN_4055876;15.0
TXN_1929398;4.0
TXN_3093284;8.0
TXN_2276426;15.0
TXN_9608095;2.0
TXN_2372348;6.0
TXN_4187673;6.0
TXN_5729112;2.0
TXN_4613595;15.0
TXN_4152991;20.0
TXN_1196324;6.0
TXN_5148823;3.0
TXN_7312736;2.0
TXN_4442095;20.0
TXN_6621007;6.0
TXN_2548742;25.0
TXN_1234390;6.0
TXN_5336437;7.5
TXN_6271633;6.0
TXN_4805204;7.5
TXN_3094786;16.0
TXN_4807049;1.0
TXN_1840584;15.0
TXN_7746634;15.0
TXN_7133645;20.0
TXN_2935758;4.0
TXN_8659575;3.0
TXN_5473680;6.0
TXN_6830192;9.0
TXN_5999810;16.0
TXN_6677631;7.5
TXN_9775900;12.0
TXN_2408143;4.0
TXN_6975499;2.0
TXN_9861083;20.0
TXN_8735820;3.0
TXN_1950008;16.0
TXN_3894173;20.0
TXN_2394502;0.0
TXN_5308047;0.0
TXN_5929797;4.0
TXN_1228927;3.0
TXN_3447069;6.0
TXN_8219298;12.0
TXN_1010950;0.0
TXN_9365766;12.0
TXN_5680396;8.0
TXN_6205234;15.0
TXN_4489757;20.0
TXN_3966911;4.5
TXN_6880338;9.0
TXN_4032956;10.0
TXN_7894069;6.0
TXN_5296578;2.0
TXN_4197090;9.0
TXN_4209626;20.0
TXN_6479368;8.0
TXN_6991528;3.0
TXN_2154866;3.0
TXN_1333524;6.0
TXN_5762828;3.0
TXN_5679935;4.0
TXN_2970600;5.0
TXN_2634805;4.0
TXN_7543525;6.0
TXN_3984842;6.0
TXN_9154713;0.0
TXN_2897727;20.0
TXN_9878237;3.0
TXN_2153838;6.0
TXN_7954368;9.0
TXN_7898391;20.0
TXN_5746800;8.0
TXN_8918905;5.0
TXN_6610487;10.0
TXN_1381818;12.0
TXN_6396940;2.0
TXN_2556368;4.0
TXN_7655838;9.0
TXN_7252860;0.0
TXN_1474329;8.0
TXN_5935394;8.0
TXN_2798736;8.0
TXN_5007051;10.0
TXN_2325141;4.5
TXN_1489194;6.0
TXN_7627772;16.0
TXN_3936883;4.0
TXN_3617989;12.0
TXN_1566564;3.0
TXN_6513163;6.0
TXN_9929732;16.0
TXN_6748232;8.0
TXN_7440057;3.0
TXN_2911863;8.0
TXN_1991987;9.0
TXN_5315665;1.5
TXN_4234636;4.0
TXN_9598764;0.0
TXN_2834323;1.5
TXN_6158834;4.0
TXN_2345326;0.0
TXN_8872103;1.0
TXN_9773646;12.0
TXN_1442096;3.0
TXN_2337888;2.0
TXN_9675838;7.0
TXN_9241048;12.0
TXN_1234907;3.0
TXN_1317114;2.0
TXN_3897788;0.0
TXN_6610162;0.0
TXN_7478306;3.0
TXN_3163567;10.0
TXN_7213830;15.0
TXN_7763212;4.0
TXN_8565218;3.0
TXN_8235675;1.5
TXN_6323915;4.5
TXN_2931403;6.0
TXN_8036247;2.0
TXN_4143264;5.0
TXN_5124519;12.0
TXN_1529845;9.0
TXN_2674372;4.0
TXN_6622980;20.0
TXN_3447575;16.0
TXN_9819697;12.0
TXN_1731476;4.0
TXN_4152262;10.0
TXN_1721342;20.0
TXN_7278328;4.0
TXN_7046631;8.0
TXN_2474395;16.0
TXN_9675940;15.0
TXN_7427357;12.0
TXN_5806624;5.0
TXN_8329144;8.0
TXN_6670371;4.5
TXN_8708588;10.0
TXN_1309055;4.0
TXN_2250398;9.0
TXN_8698717;8.0
TXN_2302259;9.0
TXN_4921865;3.0
TXN_2897794;4.0
TXN_2813872;5.0
TXN_1891978;20.0
TXN_6320502;12.0
TXN_1797690;15.0
TXN_9831537;12.0
TXN_7866805;10.0
TXN_1760092;2.0
TXN_2437725;16.0
TXN_2903973;6.0
TXN_8306630;8.0
TXN_4612207;15.0
TXN_1811216;4.0
TXN_3739424;3.0
TXN_9487384;3.0
TXN_9219961;10.0
TXN_9248370;2.0
TXN_5549522;15.0
TXN_6733436;6.0
TXN_9617269;2.0
TXN_9761314;16.0
TXN_2905118;7.5
TXN_5005793;16.0
TXN_2840861;3.0
TXN_1088497;4.0
TXN_4083872;10.0
TXN_3052953;10.0
TXN_2017793;0.0
TXN_3413156;3.0
TXN_3130302;12.0
TXN_2822949;8.0
TXN_5868082;10.0
TXN_2250898;0.0
TXN_1413335;5.0
TXN_7086603;12.0
TXN_7286934;8.0
TXN_5213014;12.0
TXN_1670848;0.0
TXN_3447594;5.0
TXN_9250024;2.0
TXN_1353266;4.0
TXN_3950331;7.5
TXN_7233393;15.0
TXN_2474286;6.0
TXN_4006771;2.0
TXN_4030519;8.0
TXN_8716594;20.0
TXN_5159483;6.0
TXN_6347482;3.0
TXN_3158921;4.0
TXN_7476268;6.0
TXN_2741928;3.0
TXN_1710476;12.0
TXN_9403754;15.0
TXN_2457189;12.0
TXN_2495788;2.0
TXN_7528294;9.0
TXN_2844982;1.0
TXN_4558455;15.0
TXN_9710430;12.0
TXN_8859035;9.0
TXN_9577339;6.0
TXN_9206049;1.0
TXN_8748070;2.0
TXN_1079241;9.0
TXN_7878520;13.0
TXN_1236779;0.0
TXN_1390917;4.0
TXN_5406411;20.0
TXN_4532280;0.0
TXN_7334418;2.0
TXN_8872984;0.0
TXN_6501091;6.0
TXN_1721366;20.0
TXN_3924170;4.5
TXN_3740465;4.0
TXN_6577619;15.0
TXN_5154112;9.0
TXN_6412590;5.0
TXN_1577802;8.0
TXN_6775972;6.0
TXN_8799599;2.0
TXN_2199500;4.0
TXN_8279269;16.0
TXN_2829951;16.0
TXN_6748374;5.0
TXN_8675052;3.0
TXN_6481150;20.0
TXN_3677109;15.0
TXN_1704642;15.0
TXN_3661311;6.0
TXN_6443522;16.0
TXN_1228888;1.0
TXN_5662517;0.0
TXN_1898102;12.0
TXN_6142529;7.5
TXN_9279935;4.0
TXN_1873852;9.0
TXN_2501656;15.0
TXN_6959065;10.0
TXN_4784154;0.0
TXN_5468350;20.0
TXN_6907555;3.0
TXN_8285283;15.0
TXN_4795208;0.0
TXN_6794035;4.0
TXN_6265760;3.0
TXN_3655322;9.0
TXN_1370465;4.0
TXN_7343660;25.0
TXN_3430805;12.0
TXN_8219472;4.0
TXN_4476076;8.0
TXN_4183749;12.0
TXN_8132145;1.5
TXN_6901619;3.0
TXN_4461853;15.0
TXN_1789504;5.0
TXN_7847913;12.0
TXN_1792405;2.5
TXN_6101067;4.0
TXN_3994585;9.0
TXN_5202752;20.0
TXN_5456362;16.0
TXN_4377249;9.0
TXN_6566716;1.0
TXN_3920273;16.0
TXN_8222593;16.0
TXN_5054719;8.0
TXN_7268387;9.0
TXN_6268823;8.0
TXN_5727550;6.0
TXN_9597063;4.0
TXN_1971865;3.0
TXN_6067546;0.0
TXN_3699636;15.0
TXN_6724588;6.0
TXN_9669749;20.0
TXN_9105374;12.0
TXN_2882571;3.0
TXN_6640488;4.5
TXN_7621512;20.0
TXN_3104867;9.0
TXN_1923263;16.0
TXN_7396497;20.0
TXN_7629728;8.0
TXN_8903958;7.0
TXN_6761273;15.0
TXN_6076602;6.0
TXN_1072984;6.0
TXN_3238759;20.0
TXN_3858607;25.0
TXN_8096618;8.0
TXN_2639283;15.0
TXN_1505837;12.0
TXN_7631496;3.0
TXN_6770844;3.0
TXN_4699911;4.0
TXN_3472433;8.0
TXN_7179827;12.0
TXN_6378070;12.0
TXN_4914203;2.0
TXN_6046363;20.0
TXN_7117210;12.0
TXN_5823330;15.0
TXN_8155540;25.0
TXN_2418609;8.0
TXN_8570149;1.5
TXN_4382802;4.0
TXN_9970964;8.0
TXN_2253622;0.0
TXN_8982328;3.0
TXN_5144090;10.0
TXN_1322421;12.0
TXN_4474441;8.0
TXN_1297663;0.0
TXN_4972634;20.0
TXN_8159772;3.0
TXN_4360970;4.5
TXN_3886583;4.5
TXN_9315004;0.0
TXN_1624458;0.0
TXN_8901988;7.5
TXN_4583009;25.0
TXN_8549600;0.0
TXN_3190538;4.0
TXN_8863649;1.0
TXN_6306644;6.0
TXN_3673322;10.0
TXN_1830432;3.0
TXN_2294603;1.5
TXN_7097760;6.0
TXN_1998357;6.0
TXN_1220061;12.0
TXN_3463337;15.0
TXN_1458905;4.0
TXN_3330279;3.0
TXN_6234882;4.0
TXN_9970653;20.0
TXN_4185160;4.0
TXN_2074343;12.0
TXN_7994903;16.0
TXN_3109161;12.0
TXN_2185727;20.0
TXN_8971366;6.0
TXN_3669866;4.5
TXN_9395223;4.0
TXN_4779192;5.0
TXN_4163126;12.0
TXN_7625340;2.0
TXN_6345619;15.0
TXN_3218971;20.0
TXN_8127681;4.0
TXN_7328604;10.0
TXN_7705153;1.5
TXN_4467046;20.0
TXN_5492822;8.0
TXN_8538125;15.0
TXN_5350286;20.0
TXN_1534223;9.0
TXN_6403951;0.0
TXN_6177334;3.0
TXN_7466297;1.0
TXN_3561149;12.0
TXN_2227825;20.0
TXN_9965686;12.0
TXN_5303413;2.0
TXN_9658354;4.5
TXN_8538315;0.0
TXN_4129569;0.0
TXN_6018020;2.0
TXN_3305132;12.0
TXN_7951885;15.0
TXN_9845746;3.0
TXN_3422774;8.0
TXN_8477415;10.0
TXN_5433982;25.0
TXN_4469550;9.0
TXN_6135727;12.0
TXN_3660227;12.0
TXN_5640232;0.0
TXN_9616828;4.0
TXN_1522122;5.0
TXN_2360229;4.0
TXN_5029453;8.0
TXN_2962728;20.0
TXN_6276679;3.0
TXN_2507188;2.0
TXN_9386165;8.0
TXN_6064232;3.0
TXN_3604017;12.0
TXN_3486548;1.5
TXN_1465584;4.0
TXN_3212505;12.0
TXN_2311188;6.0
TXN_6344806;9.0
TXN_2205071;10.0
TXN_5790078;12.0
TXN_6444911;15.0
TXN_2194305;8.0
TXN_4837447;6.0
TXN_5517185;12.0
TXN_7006741;0.0
TXN_5560669;25.0
TXN_4046095;6.0
TXN_6559598;2.0
TXN_9707159;15.0
TXN_9983518;3.0
TXN_6335423;4.0
TXN_9475783;20.0
TXN_1645743;4.0
TXN_2377667;12.0
TXN_9554670;12.0
TXN_6846085;4.0
TXN_5430200;0.0
TXN_5135172;20.0
TXN_6716151;12.0
TXN_5303258;16.0
TXN_8831659;4.0
TXN_8980495;0.0
TXN_4989644;0.0
TXN_9456357;9.0
TXN_7060691;25.0
TXN_5528787;6.0
TXN_8952145;9.0
TXN_9455977;1.5
TXN_4528522;10.0
TXN_8266662;10.0
TXN_9178213;4.0
TXN_8859144;3.0
TXN_8740257;15.0
TXN_4271034;12.0
TXN_2741424;6.0
TXN_4709135;8.0
TXN_3016079;12.0
TXN_3140950;15.0
TXN_6881662;10.0
TXN_4238818;4.0
TXN_8131537;8.0
TXN_9812021;7.5
TXN_7947711;15.0
TXN_6774688;5.0
TXN_3949676;12.0
TXN_6787259;8.0
TXN_7062893;8.0
TXN_4311369;8.0
TXN_7485706;5.0
TXN_9908225;20.0
TXN_7163533;16.0
TXN_6867995;3.0
TXN_9563685;5.0
TXN_5256055;25.0
TXN_3399674;0.0
TXN_6067979;4.0
TXN_6515226;3.0
TXN_2396191;16.0
TXN_5223162;9.0
TXN_4224401;15.0
TXN_1570632;20.0
TXN_9858152;7.0
TXN_2666773;9.0
TXN_1387062;20.0
TXN_4060332;15.0
TXN_2041190;3.0
TXN_8277583;5.0
TXN_6869767;8.0
TXN_1828494;6.0
TXN_5992635;8.0
TXN_3509609;12.0
TXN_4276442;12.0
TXN_4532475;0.0
TXN_5257169;12.0
TXN_9087746;8.0
TXN_3709853;8.0
TXN_4003040;4.0
TXN_1082717;0.0
TXN_9781679;8.0
TXN_5499117;20.0
TXN_8566499;0.0
TXN_5914284;4.0
TXN_9461980;5.0
TXN_8090470;16.0
TXN_9041473;8.0
TXN_1392546;0.0
TXN_9067752;8.0
TXN_2640771;2.0
TXN_1103883;5.0
TXN_1803599;4.0
TXN_9223045;0.0
TXN_8659330;6.0
TXN_5615754;0.0
TXN_1584851;4.0
TXN_8127929;5.0
TXN_4416436;6.0
TXN_7467621;20.0
TXN_8664295;11.0
TXN_3602272;12.0
TXN_4913329;10.0
TXN_8830809;20.0
TXN_1629092;3.0
TXN_4363360;4.0
TXN_9662632;20.0
TXN_2112848;4.0
TXN_7854162;15.0
TXN_8652632;1.5
TXN_8180793;4.0
TXN_8875195;20.0
TXN_9928552;20.0
TXN_5680687;20.0
TXN_3132921;0.0
TXN_7029719;10.0
TXN_4276702;1.0
TXN_7657615;9.0
TXN_8235042;4.0
TXN_3839691;8.0
TXN_2559020;3.0
TXN_5858713;2.0
TXN_7064604;0.0
TXN_3312690;3.0
TXN_8687088;2.0
TXN_5139074;3.0
TXN_9292025;10.0
TXN_5301926;3.0
TXN_4472969;3.0
TXN_1905459;12.0
TXN_2904046;4.0
TXN_6540200;2.0
TXN_9188774;1.5
TXN_9685716;4.0
TXN_7493800;15.0
TXN_6990331;3.0
TXN_2107161;4.0
TXN_5065748;15.0
TXN_2910247;16.0
TXN_2111973;6.0
TXN_1736294;7.0
TXN_3463568;10.0
TXN_9968926;6.0
TXN_4719069;6.0
TXN_3809941;4.0
TXN_1935119;8.0
TXN_8246369;3.0
TXN_2009782;25.0
TXN_6784478;2.0
TXN_9349471;6.0
TXN_7612056;5.0
TXN_5349355;10.0
TXN_9259900;20.0
TXN_4650834;15.0
TXN_6576987;0.0
TXN_1192970;4.0
TXN_1887083;3.0
TXN_8285410;8.0
TXN_4331281;0.0
TXN_4991594;8.0
TXN_4463677;25.0
TXN_1687822;20.0
TXN_5297746;6.0
TXN_5230719;15.0
TXN_8145813;12.0
TXN_7485379;3.0
TXN_3171150;3.0
TXN_7988991;6.0
TXN_3801485;10.0
TXN_6826342;6.0
TXN_3620213;4.0
TXN_4030181;20.0
TXN_9579691;5.0
TXN_4131020;8.0
TXN_3462602;9.0
TXN_2628157;0.0
TXN_7799711;0.0
TXN_3930313;3.0
TXN_8276063;2.0
TXN_1020478;3.0
TXN_9493077;12.0
TXN_2407379;16.0
TXN_3635628;12.0
TXN_3554772;4.5
TXN_9660362;6.0
TXN_2347248;5.0
TXN_3732426;8.0
TXN_6332405;9.0
TXN_1529961;16.0
TXN_8860052;15.0
TXN_6732833;5.0
TXN_2391245;8.0
TXN_6128086;0.0
TXN_4430772;12.0
TXN_7251108;0.0
TXN_6007437;3.0
TXN_4228838;10.0
TXN_9719921;24.0
TXN_1272118;4.0
TXN_4060215;15.0
TXN_2569119;3.0
TXN_7992512;20.0
TXN_2771512;12.0
TXN_6109953;9.0
TXN_5728193;4.0
TXN_2417271;6.0
TXN_9425096;20.0
TXN_9691364;3.0
TXN_1770648;16.0
TXN_5289658;8.0
TXN_2602732;20.0
TXN_5132482;6.0
TXN_9969836;5.0
TXN_8595386;4.0
TXN_6398450;3.0
TXN_8384428;1.0
TXN_7667139;12.0
TXN_9190025;6.0
TXN_5056808;3.0
TXN_9191048;15.0
TXN_1938413;16.0
TXN_4564220;1.5
TXN_5414186;4.0
TXN_1740742;6.0
TXN_3441457;0.0
TXN_1236759;2.0
TXN_2152054;6.0
TXN_4755860;15.0
TXN_1755817;25.0
TXN_4417326;12.0
TXN_6714749;4.0
TXN_6013024;9.0
TXN_8065852;5.0
TXN_7465693;0.0
TXN_1349640;6.0
TXN_9660030;15.0
TXN_9649503;3.0
TXN_5639485;3.0
TXN_4958354;0.0
TXN_2457961;4.0
TXN_2142941;5.0
TXN_9815454;15.0
TXN_7328209;12.0
TXN_4252608;9.0
TXN_7221831;6.0
TXN_1342487;9.0
TXN_5713298;8.0
TXN_3045673;12.0
TXN_8211198;9.0
TXN_3009994;5.0
TXN_8992377;0.0
TXN_7153455;8.0
TXN_7383137;4.0
TXN_8260461;0.0
TXN_4801947;5.0
TXN_9072628;20.0
TXN_2547156;3.0
TXN_3608237;5.0
TXN_2423167;9.0
TXN_6695451;5.0
TXN_6098702;6.0
TXN_4925291;8.0
TXN_4696969;5.0
TXN_4568379;3.0
TXN_2496907;4.0
TXN_7223850;10.0
TXN_2755642;0.0
TXN_8837015;9.0
TXN_2933439;22.0
TXN_2667131;8.0
TXN_5536056;12.0
TXN_9043894;3.0
TXN_9354349;0.0
TXN_2332364;6.0
TXN_9020641;12.0
TXN_8899417;15.0
TXN_1005377;0.0
TXN_7262554;15.0
TXN_9705971;6.0
TXN_5171248;15.0
TXN_2201235;1.5
TXN_7229918;0.0
TXN_5179245;9.0
TXN_5010968;8.0
TXN_6294315;2.0
TXN_8552898;10.0
TXN_1307428;6.0
TXN_4787754;6.0
TXN_9176533;9.0
TXN_9376428;5.0
TXN_3678804;6.0
TXN_6021363;8.0
TXN_4987376;3.0
TXN_3099819;8.0
TXN_2735598;0.0
TXN_7362526;3.0
TXN_3584252;0.0
TXN_4854751;15.0
TXN_6324687;4.0
TXN_4757873;1.5
TXN_6283718;12.0
TXN_2007652;6.0
TXN_3241510;7.5
TXN_3286168;20.0
TXN_5922981;25.0
TXN_3931393;8.0
TXN_2888655;0.0
TXN_6053755;4.0
TXN_4437520;12.0
TXN_4995281;24.0
TXN_6105807;0.0
TXN_3549667;0.0
TXN_6361593;16.0
TXN_1532390;7.5
TXN_2729959;18.0
TXN_4582054;10.0
TXN_2134763;9.0
TXN_5124999;10.0
TXN_7647190;0.0
TXN_2921765;3.0
TXN_6451595;9.0
TXN_4797429;25.0
TXN_6925284;15.0
TXN_7653452;4.0
TXN_5750248;16.0
TXN_1020983;3.0
TXN_7276452;6.0
TXN_7971761;5.0
TXN_9281392;2.0
TXN_7995960;3.0
TXN_7663739;5.0
TXN_3936339;15.0
TXN_7132021;8.0
TXN_6438980;10.0
TXN_2196926;6.0
TXN_9582506;2.0
TXN_2424839;12.0
TXN_5215704;20.0
TXN_6086123;9.0
TXN_4078284;2.0
TXN_9389300;15.0
TXN_2147448;8.0
TXN_9579637;6.0
TXN_5316852;4.0
TXN_1292430;4.0
TXN_2470530;3.0
TXN_2073001;4.0
TXN_9284622;2.0
TXN_6897172;8.0
TXN_4375708;16.0
TXN_9775984;6.0
TXN_1625754;15.0
TXN_9567915;3.0
TXN_4062634;10.0
TXN_2991733;7.5
TXN_4501915;12.0
TXN_8732935;4.0
TXN_3270584;9.0
TXN_1927324;4.0
TXN_1293057;5.0
TXN_7664606;2.0
TXN_3745153;16.0
TXN_2019258;12.0
TXN_8153957;2.0
TXN_9288999;3.0
TXN_4205407;20.0
TXN_3050797;12.0
TXN_3888864;4.0
TXN_2097023;15.0
TXN_3529354;6.0
TXN_6837879;15.0
TXN_2032049;10.0
TXN_1444479;3.0
TXN_7251037;15.0
TXN_9891576;12.0
TXN_5315818;4.0
TXN_9830755;5.0
TXN_4353750;6.0
TXN_2104550;8.0
TXN_7554731;3.0
TXN_8743142;1.0
TXN_8652021;3.0
TXN_2342308;0.0
TXN_7797507;20.0
TXN_3121360;9.0
TXN_5568416;15.0
TXN_7975387;0.0
TXN_5209346;12.0
TXN_9693344;6.0
TXN_9801552;16.0
TXN_8991609;20.0
TXN_5000665;9.0
TXN_8833173;16.0
TXN_7153321;26.0
TXN_2935761;16.0
TXN_7328705;4.0
TXN_8970187;2.0
TXN_4343133;4.0
TXN_6904952;20.0
TXN_4023091;12.0
TXN_2867795;3.0
TXN_8434259;3.0
TXN_3440463;3.0
TXN_1242840;4.0
TXN_2997717;12.0
TXN_9897583;0.0
TXN_7908929;3.0
TXN_5784400;12.0
TXN_9719954;1.5
TXN_3287282;3.0
TXN_2265329;15.0
TXN_4352950;2.0
TXN_4807899;10.0
TXN_4916085;3.0
TXN_2764819;3.0
TXN_2102950;10.0
TXN_5282804;4.0
TXN_2617632;16.0
TXN_8019306;3.0
TXN_6469563;15.0
TXN_1454024;5.0
TXN_2749862;20.0
TXN_2928676;1.0
TXN_3755657;8.0
TXN_6987232;15.0
TXN_8932087;0.0
TXN_7293600;9.0
TXN_3147874;1.0
TXN_5279293;12.0
TXN_3488082;4.0
TXN_3342106;4.0
TXN_1967032;1.5
TXN_6587151;0.0
TXN_3543930;6.0
TXN_1037464;20.0
TXN_9012517;4.0
TXN_5303092;3.0
TXN_3865641;15.0
TXN_8281347;12.0
TXN_8353202;16.0
TXN_1983422;2.0
TXN_6123007;6.0
TXN_2832660;8.0
TXN_4011509;16.0
TXN_6786730;2.0
TXN_3641356;0.0
TXN_8245502;5.0
TXN_3645818;1.0
TXN_1318238;4.0
TXN_1970180;6.0
TXN_4777601;1.0
TXN_5110688;15.0
TXN_7497122;20.0
TXN_3003979;0.0
TXN_1998143;1.0
TXN_1256513;8.0
TXN_6266187;7.5
TXN_5548756;4.0
TXN_1990997;5.0
TXN_7325508;20.0
TXN_5398134;4.0
TXN_8469087;10.0
TXN_5556985;9.0
TXN_8621589;15.0
TXN_9599703;6.0
TXN_2470745;0.0
TXN_1266598;12.0
TXN_5445994;3.0
TXN_1932224;2.0
TXN_5468153;20.0
TXN_9363711;10.0
TXN_6845073;1.0
TXN_1691313;8.0
TXN_3175177;9.0
TXN_9282265;10.0
TXN_7738455;4.5
TXN_9205425;12.0
TXN_9306482;8.0
TXN_3162244;0.0
TXN_3182191;15.0
TXN_4734366;4.0
TXN_7341975;6.0
TXN_4130343;8.0
TXN_8592808;4.0
TXN_6090715;9.0
TXN_7310903;12.0
TXN_7155957;25.0
TXN_4350828;6.0
TXN_6868763;9.0
TXN_4970127;1.5
TXN_9567719;20.0
TXN_2950265;15.0
TXN_1556609;4.0
TXN_1084010;8.0
TXN_2245465;10.0
TXN_4742049;3.0
TXN_3135264;6.0
TXN_8984991;12.0
TXN_3522597;4.5
TXN_6769554;10.0
TXN_5761414;4.0
TXN_2614633;8.0
TXN_3399636;9.0
TXN_8587529;2.0
TXN_1476775;15.0
TXN_6945985;4.5
TXN_4117627;9.0
TXN_7530300;6.0
TXN_3676305;25.0
TXN_8867827;1.5
TXN_9061106;12.0
TXN_1245485;0.0
TXN_4075053;12.0
TXN_6113724;0.0
TXN_2546684;0.0
TXN_4623468;15.0
TXN_8535886;7.5
TXN_1037486;25.0
TXN_7978452;15.0
TXN_9869593;5.0
TXN_5332773;4.0
TXN_7468084;10.0
TXN_1185069;5.0
TXN_5100941;5.0
TXN_4096757;25.0
TXN_6057914;8.0
TXN_2515796;4.5
TXN_9444736;6.5
TXN_4764398;8.0
TXN_7754136;1.0
TXN_7221126;7.5
TXN_5079166;25.0
TXN_4780352;0.0
TXN_4432252;20.0
TXN_9737509;7.5
TXN_8749404;8.0
TXN_7010812;10.0
TXN_4375698;0.0
TXN_2393219;12.0
TXN_4544172;3.0
TXN_3758861;12.0
TXN_8661276;1.0
TXN_9880967;0.0
TXN_4038488;9.0
TXN_9655661;3.0
TXN_8633758;5.0
TXN_7687146;2.0
TXN_9728414;1.5
TXN_3081950;1.0
TXN_9452972;12.0
TXN_9299563;15.0
TXN_8732269;4.0
TXN_7764304;0.0
TXN_6904247;12.0
TXN_6027798;2.0
TXN_8196921;8.0
TXN_9289408;8.0
TXN_3779320;6.0
TXN_9129403;15.0
TXN_6895165;6.0
TXN_6269306;20.0
TXN_4376376;15.0
TXN_9061471;3.0
TXN_8932070;12.0
TXN_8410979;12.0
TXN_3710523;12.0
TXN_8014289;15.0
TXN_8628615;2.0
TXN_2648236;8.0
TXN_4197575;10.0
TXN_5863650;1.5
TXN_1292476;12.0
TXN_1311237;4.0
TXN_3894165;20.0
TXN_5270067;9.0
TXN_2168513;3.0
TXN_4551353;7.5
TXN_4550558;0.0
TXN_9555291;12.0
TXN_6744096;2.0
TXN_4821343;1.0
TXN_4988100;2.0
TXN_7791428;0.0
TXN_1122699;25.0
TXN_9230208;9.0
TXN_2851446;0.0
TXN_8359693;8.0
TXN_2244902;10.0
TXN_5561958;16.0
TXN_6008133;6.0
TXN_1899827;10.0
TXN_9157625;7.5
TXN_7865037;2.0
TXN_8410376;8.0
TXN_8003664;4.0
TXN_1688499;8.0
TXN_5632556;12.0
TXN_7954416;2.0
TXN_7845656;9.0
TXN_7421687;10.0
TXN_2444134;8.0
TXN_3793672;5.0
TXN_1903825;20.0
TXN_4267136;1.5
TXN_6567287;4.0
TXN_8343149;0.0
TXN_2376870;20.0
TXN_7187140;6.0
TXN_3053494;15.0
TXN_9653700;3.0
TXN_7079566;12.0
TXN_8343414;10.0
TXN_4204491;8.0
TXN_6025054;2.0
TXN_7495804;9.0
TXN_5542500;0.0
TXN_6265785;25.0
TXN_8183734;2.0
TXN_2785654;1.5
TXN_1121833;8.0
TXN_8249996;0.0
TXN_1512159;6.0
TXN_8154928;4.5
TXN_6550707;2.0
TXN_3676019;12.0
TXN_2486026;0.0
TXN_3219378;15.0
TXN_6372515;1.0
TXN_4745933;5.0
TXN_6994245;8.0
TXN_5108183;0.0
TXN_8103630;1.0
TXN_3252542;20.0
TXN_4413197;6.0
TXN_1283149;10.0
TXN_6822426;15.0
TXN_8210816;20.0
TXN_5896728;12.0
TXN_4407308;6.0
TXN_7710078;6.0
TXN_1465364;6.0
TXN_4049270;10.0
TXN_5753111;5.0
TXN_6996548;0.0
TXN_1983842;15.0
TXN_4982165;1.5
TXN_1141920;8.0
TXN_6467796;10.0
TXN_9656325;4.0
TXN_2716560;16.0
TXN_4141941;4.0
TXN_4633505;4.5
TXN_5283053;12.0
TXN_5129701;8.0
TXN_7021592;20.0
TXN_3041142;12.0
TXN_5618631;10.0
TXN_2495471;15.0
TXN_7195393;10.0
TXN_8022892;16.0
TXN_4298189;2.0
TXN_7353699;7.5
TXN_9431971;4.0
TXN_4543742;6.0
TXN_3007866;12.0
TXN_7053830;6.0
TXN_3660048;0.0
TXN_5811766;0.0
TXN_2848421;1.0
TXN_6053617;8.0
TXN_8384372;6.0
TXN_4581359;6.0
TXN_3561451;20.0
TXN_5963316;3.0
TXN_6014389;5.0
TXN_9815521;12.0
TXN_8325221;4.0
TXN_1950187;3.0
TXN_9518691;10.0
TXN_5436816;15.0
TXN_7896586;8.0
TXN_5835004;20.0
TXN_5950951;5.0
TXN_3803063;0.0
TXN_4262451;2.0
TXN_4773210;2.0
TXN_1231366;12.0
TXN_2713279;4.0
TXN_4247602;25.0
TXN_6488040;5.0
TXN_3459152;0.0
TXN_8077367;0.0
TXN_6643922;10.0
TXN_8388056;5.0
TXN_4728936;12.0
TXN_6386388;4.5
TXN_9443285;8.0
TXN_6377838;6.0
TXN_7719510;9.0
TXN_3083412;0.0
TXN_8324715;17.0
TXN_1985223;12.0
TXN_2944460;5.0
TXN_5693294;9.0
TXN_2887257;3.0
TXN_1066604;20.0
TXN_4464373;2.0
TXN_7844770;6.0
TXN_9968943;4.0
TXN_2096487;20.0
TXN_6683798;1.0
TXN_7246683;4.0
TXN_7407946;15.0
TXN_2501648;6.0
TXN_8105705;1.0
TXN_9676096;9.0
TXN_2151258;9.0
TXN_3672345;4.5
TXN_6793298;3.0
TXN_3951329;0.0
TXN_7480853;0.0
TXN_8789736;4.0
TXN_2730798;6.0
TXN_3749801;15.0
TXN_4843989;6.0
TXN_6606514;3.0
TXN_9438576;1.0
TXN_3916668;6.0
TXN_4789941;12.0
TXN_4519915;0.0
TXN_3291988;6.0
TXN_1926712;10.0
TXN_1899114;4.5
TXN_2625388;10.0
TXN_9161256;8.0
TXN_5611262;13.0
TXN_2430215;2.0
TXN_1372003;6.0
TXN_2119809;25.0
TXN_5114283;1.5
TXN_5615114;6.0
TXN_4968659;7.5
TXN_4858666;9.0
TXN_3502394;6.0
TXN_4754723;4.0
TXN_1902009;6.0
TXN_8492074;4.5
TXN_6355908;12.0
TXN_6856530;20.0
TXN_1180397;12.0
TXN_4747863;2.0
TXN_1196223;9.0
TXN_2401073;8.0
TXN_9639089;12.0
TXN_8654093;6.0
TXN_8872715;2.0
TXN_9579984;26.0
TXN_6087578;1.5
TXN_7526174;9.0
TXN_5401244;5.0
TXN_7470034;20.0
TXN_5820892;3.0
TXN_3801338;12.0
TXN_8365857;20.0
TXN_9349657;2.0
TXN_1161606;20.0
TXN_5938359;1.0
TXN_4656387;2.0
TXN_9277276;12.0
TXN_3676632;16.0
TXN_4579086;6.0
TXN_2421873;4.0
TXN_2323650;9.0
TXN_8914956;2.0
TXN_9080521;4.0
TXN_9989719;8.0
TXN_8409154;12.0
TXN_5736595;6.0
TXN_2264883;6.0
TXN_1766527;20.0
TXN_5530273;9.0
TXN_6367976;3.0
TXN_4867316;4.0
TXN_6704173;8.0
TXN_7172693;25.0
TXN_6862603;20.0
TXN_5761207;12.0
TXN_9852820;10.0
TXN_9531812;8.0
TXN_1423173;20.0
TXN_9811007;5.0
TXN_5935353;0.0
TXN_2119373;20.0
TXN_6803555;3.0
TXN_1707537;9.0
TXN_6087604;16.0
TXN_9825905;2.0
TXN_7519611;10.0
TXN_4502922;4.0
TXN_4554194;0.0
TXN_3418612;4.5
TXN_2539469;6.0
TXN_9930357;3.0
TXN_7631216;15.0
TXN_3116803;2.0
TXN_2708387;6.0
TXN_7571571;8.0
TXN_7039529;3.0
TXN_1452931;1.5
TXN_7902691;0.0
TXN_4966750;3.0
TXN_6901162;12.0
TXN_3689579;8.0
TXN_7770188;15.0
TXN_5088167;10.0
TXN_1865302;5.0
TXN_3879052;6.0
TXN_5719592;2.0
TXN_6121301;20.0
TXN_2097987;8.0
TXN_7514279;5.0
TXN_5153408;4.0
TXN_8918253;0.0
TXN_1209852;2.0
TXN_5985513;0.0
TXN_2086325;4.0
TXN_4062032;7.5
TXN_2029301;7.5
TXN_4508067;20.0
TXN_4251500;4.0
TXN_1516961;12.0
TXN_7228322;1.0
TXN_4738349;8.0
TXN_9436284;6.0
TXN_2332609;20.0
TXN_4183705;3.0
TXN_5459138;8.0
TXN_3098503;5.0
TXN_8140360;8.0
TXN_4448318;8.0
TXN_2912934;5.0
TXN_5660244;15.0
TXN_7873479;1.0
TXN_3801966;16.0
TXN_2849095;6.0
TXN_7750963;6.0
TXN_8134280;1.0
TXN_2014042;5.0
TXN_1993503;4.0
TXN_4648031;6.0
TXN_4523273;0.0
TXN_6036240;12.0
TXN_2882871;15.0
TXN_3547569;16.0
TXN_2866587;12.0
TXN_1629218;0.0
TXN_2964982;4.0
TXN_1005472;8.0
TXN_4511996;9.0
TXN_9853220;0.0
TXN_5723229;15.0
TXN_4921791;20.0
TXN_3692789;0.0
TXN_8155446;15.0
TXN_2253852;2.0
TXN_7598654;6.0
TXN_8039560;10.0
TXN_7152012;12.0
TXN_7907366;8.0
TXN_2464236;5.0
TXN_6960459;2.0
TXN_3313534;2.0
TXN_4969431;20.0
TXN_4459351;20.0
TXN_4764236;3.0
TXN_3544380;3.0
TXN_2104473;9.0
TXN_3819405;12.0
TXN_3512665;25.0
TXN_4631228;3.0
TXN_2084232;6.0
TXN_1251960;0.0
TXN_3821298;20.0
TXN_1057760;12.0
TXN_2294778;0.0
TXN_6091431;4.5
TXN_4003831;1.0
TXN_4190431;4.5
TXN_5201123;10.0
TXN_6172528;12.0
TXN_9877722;20.0
TXN_2702861;0.0
TXN_2203873;4.5
TXN_6133971;20.0
TXN_8643596;10.0
TXN_4422898;10.0
TXN_6960031;20.0
TXN_3530118;15.0
TXN_1526920;20.0
TXN_1933315;6.0
TXN_2504703;20.0
TXN_9034955;1.0
TXN_3546303;3.0
TXN_7838802;2.0
TXN_6736326;10.0
TXN_8434651;12.0
TXN_4635386;1.5
TXN_5466291;5.0
TXN_2643389;8.0
TXN_9817135;5.0
TXN_9327861;7.5
TXN_3971440;12.0
TXN_8494583;5.0
TXN_8083377;7.0
TXN_8340038;1.5
TXN_2275799;12.0
TXN_3497691;16.0
TXN_3421079;4.0
TXN_9701622;5.0
TXN_6966241;6.0
TXN_9252700;9.0
TXN_1124900;16.0
TXN_5777164;4.0
TXN_3787234;3.0
TXN_4525646;7.0
TXN_8649416;15.0
TXN_9237291;6.0
TXN_4565080;16.0
TXN_5064188;16.0
TXN_6104335;8.0
TXN_9897215;9.0
TXN_2053125;5.0
TXN_2522828;16.0
TXN_6419317;16.0
TXN_8316135;15.0
TXN_7910956;10.0
TXN_1142233;7.5
TXN_3786518;5.0
TXN_9163155;8.0
TXN_5785639;5.0
TXN_3641519;5.0
TXN_8352416;5.0
TXN_2644561;16.0
TXN_8912001;0.0
TXN_8330837;9.0
TXN_3455103;5.0
TXN_3002889;6.0
TXN_5336876;0.0
TXN_1213938;25.0
TXN_2522182;10.0
TXN_5329431;10.0
TXN_9647494;8.0
TXN_8482887;5.0
TXN_3883425;20.0
TXN_4434185;0.0
TXN_7388851;4.0
TXN_3641001;12.0
TXN_6446441;15.0
TXN_9185022;12.0
TXN_2451247;6.0
TXN_9093708;0.0
TXN_3522385;16.0
TXN_1937081;6.0
TXN_9668584;0.0
TXN_7260110;25.0
TXN_1588687;4.0
TXN_3864453;5.0
TXN_3125699;3.0
TXN_5106316;20.0
TXN_5666369;6.0
TXN_7712807;16.0
TXN_4082099;6.0
TXN_8955306;6.0
TXN_7851403;10.0
TXN_5288715;9.0
TXN_7108056;9.0
TXN_9950775;20.0
TXN_9924732;0.0
TXN_8807429;4.0
TXN_3340550;6.0
TXN_4176272;2.0
TXN_9293877;0.0
TXN_2294776;12.0
TXN_2556999;1.5
TXN_6564856;7.5
TXN_4822256;4.0
TXN_8732682;25.0
TXN_3687257;6.0
TXN_3616839;12.0
TXN_2875074;12.0
TXN_5470909;4.0
TXN_3587915;10.0
TXN_9342366;12.0
TXN_8112788;4.0
TXN_4179583;12.0
TXN_3787265;5.0
TXN_3577683;2.0
TXN_8765822;3.0
TXN_8436045;0.0
TXN_3454877;20.0
TXN_1661682;20.0
TXN_1927404;3.0
TXN_9147596;0.0
TXN_5012988;15.0
TXN_3964550;4.5
TXN_3769567;1.0
TXN_4529101;2.0
TXN_2391534;3.0
TXN_8379919;3.0
TXN_6219977;1.0
TXN_5731238;6.0
TXN_5213761;6.0
TXN_1427485;6.0
TXN_9535721;15.0
TXN_2161372;3.0
TXN_5478129;12.0
TXN_7267366;12.0
TXN_2480808;0.0
TXN_6148811;7.5
TXN_2827259;4.5
TXN_6992783;1.5
TXN_9158251;10.0
TXN_9944730;1.5
TXN_7316790;2.0
TXN_4663529;20.0
TXN_4350798;5.0
TXN_7229543;3.0
TXN_2206884;25.0
TXN_2581559;4.0
TXN_9146123;4.0
TXN_5968921;25.0
TXN_6895558;4.0
TXN_6428404;10.0
TXN_6762311;3.0
TXN_1190402;3.0
TXN_9607633;2.0
TXN_3334632;0.0
TXN_3851928;9.0
TXN_7791293;15.0
TXN_2653224;9.0
TXN_6300001;0.0
TXN_3562418;8.0
TXN_5563486;15.0
TXN_3679582;10.0
TXN_5697414;15.0
TXN_8435360;4.5
TXN_1704041;8.0
TXN_9729178;6.0
TXN_4663964;3.0
TXN_6805057;4.0
TXN_8162690;10.0
TXN_6650875;5.0
TXN_9575926;12.0
TXN_5425911;4.0
TXN_9860308;8.0
TXN_3507013;1.0
TXN_7896733;12.0
TXN_8588758;16.0
TXN_7641606;6.0
TXN_2322162;15.0
TXN_1688292;0.0
TXN_1805937;9.0
TXN_4717715;12.0
TXN_1237674;4.5
TXN_2672972;4.0
TXN_6970542;16.0
TXN_6091542;15.0
TXN_4184461;10.0
TXN_3224397;4.0
TXN_2772639;6.0
TXN_4385826;3.0
TXN_5109348;12.0
TXN_6137985;10.0
TXN_7310356;12.0
TXN_9054074;3.0
TXN_1488481;8.0
TXN_4600894;25.0
TXN_1232346;25.0
TXN_1911093;3.0
TXN_7056162;12.0
TXN_2064049;20.0
TXN_8191202;0.0
TXN_6826409;4.0
TXN_6011106;6.0
TXN_6704284;10.0
TXN_7826516;12.0
TXN_6097664;20.0
TXN_1272815;12.0
TXN_1660104;8.0
TXN_6589078;4.5
TXN_6306555;4.0
TXN_1208561;0.0
TXN_2845506;3.0
TXN_8565799;16.0
TXN_1530892;6.0
TXN_3392953;2.0
TXN_4606893;15.0
TXN_1759063;2.0
TXN_1976619;4.0
TXN_8367194;3.0
TXN_4959078;6.0
TXN_1928401;20.0
TXN_2738904;16.0
TXN_9266499;3.0
TXN_9196229;20.0
TXN_7548396;3.0
TXN_8786286;20.0
TXN_7461658;6.0
TXN_3649492;20.0
TXN_3792683;20.0
TXN_1975184;0.0
TXN_3456242;20.0
TXN_1928131;4.0
TXN_8270768;15.0
TXN_3224156;1.0
TXN_6393305;25.0
TXN_9176288;3.0
TXN_9071439;9.0
TXN_4659954;12.0
TXN_1841204;15.0
TXN_8330240;16.0
TXN_2749289;8.0
TXN_3809533;0.0
TXN_9503145;15.0
TXN_5967452;15.0
TXN_9053365;1.0
TXN_3706457;7.5
TXN_9612533;6.0
TXN_4948026;6.0
TXN_8741663;4.0
TXN_8922585;25.0
TXN_2112522;20.0
TXN_2338617;6.0
TXN_8408353;1.5
TXN_6420902;9.0
TXN_4767609;6.0
TXN_2292088;4.0
TXN_4457299;12.0
TXN_5981429;0.0
TXN_9036527;16.0
TXN_2464706;0.0
TXN_1169615;23.0
TXN_9026468;8.0
TXN_8273780;10.0
TXN_5344848;5.0
TXN_6411708;8.0
TXN_7495283;0.0
TXN_2818204;3.0
TXN_9407169;4.0
TXN_8966400;15.0
TXN_1191659;8.0
TXN_6487003;0.0
TXN_4125474;10.0
TXN_4556831;6.0
TXN_5846013;3.0
TXN_8866974;12.0
TXN_7936002;10.0
TXN_5548914;6.0
TXN_4583012;20.0
TXN_2858441;8.0
TXN_1538510;12.0
TXN_9659401;0.0
TXN_5255387;8.0
TXN_7695629;0.0
